frame_id,jucp_label,scale,base_tp,cur_tp,base_miou,cur_miou,drop_reason
000001,1,0.01171875,2,2,0.6219,0.6248,Pass
000002,0,0.015625,1,1,0.7985,0.7985,IoU Drop: 0.709 < 0.798
000004,3,0.005859375,2,2,0.7865,0.7812,Pass
000005,1,0.01171875,1,1,0.5708,0.5665,Pass
000006,3,0.005859375,3,3,0.7646,0.7513,Pass
000008,1,0.01171875,6,6,0.7896,0.7744,Pass
000015,0,0.015625,5,5,0.6252,0.6252,TP Drop: 4 < 5
000019,1,0.01171875,2,2,0.7165,0.7792,Pass
000020,1,0.01171875,1,1,0.8518,0.8718,Pass
000021,0,0.015625,7,7,0.7883,0.7883,TP Drop: 6 < 7
000023,2,0.0078125,2,2,0.6471,0.6611,Pass
000024,2,0.0078125,3,3,0.6815,0.6916,Pass
000025,3,0.005859375,5,5,0.7303,0.7503,Pass
000027,6,0.001953125,0,0,0.0,0.0,Hard Frame (Base TP=0)
000028,0,0.015625,1,1,0.6886,0.6886,IoU Drop: 0.553 < 0.689
000031,0,0.015625,4,4,0.8406,0.8406,IoU Drop: 0.819 < 0.841
000033,2,0.0078125,2,2,0.7605,0.7992,Pass
000035,3,0.005859375,4,4,0.6974,0.736,Pass
000037,2,0.0078125,2,2,0.8619,0.8567,Pass
000039,3,0.005859375,6,6,0.7851,0.7779,Pass
000040,4,0.00390625,1,1,0.8062,0.8202,Pass
000042,6,0.001953125,1,1,0.6733,0.7805,Pass
000047,3,0.005859375,7,7,0.7725,0.7538,Pass
000048,2,0.0078125,3,3,0.6135,0.6331,Pass
000050,0,0.015625,4,4,0.871,0.871,IoU Drop: 0.835 < 0.871
000052,3,0.005859375,4,4,0.6945,0.6766,Pass
000053,3,0.005859375,6,6,0.7761,0.7663,Pass
000058,0,0.015625,1,1,0.8282,0.8282,IoU Drop: 0.800 < 0.828
000059,2,0.0078125,4,4,0.7417,0.7346,Pass
000061,1,0.01171875,2,2,0.7069,0.7036,Pass
000062,2,0.0078125,5,5,0.7897,0.777,Pass
000063,2,0.0078125,2,2,0.7822,0.7728,Pass
000065,6,0.001953125,0,0,0.0,0.0,Hard Frame (Base TP=0)
000066,4,0.00390625,2,2,0.7229,0.7051,Pass
000076,0,0.015625,9,9,0.645,0.645,TP Drop: 8 < 9
000077,4,0.00390625,1,1,0.8,0.8379,Pass
000078,3,0.005859375,3,3,0.7506,0.769,Pass
000081,6,0.001953125,0,0,0.0,0.0,Hard Frame (Base TP=0)
000089,1,0.01171875,5,5,0.8193,0.8208,Pass
000090,4,0.00390625,1,1,0.7628,0.8255,Pass
000093,2,0.0078125,6,6,0.7777,0.7884,Pass
000094,1,0.01171875,1,1,0.7523,0.7589,Pass
000098,0,0.015625,4,4,0.7779,0.7779,IoU Drop: 0.755 < 0.778
000102,1,0.01171875,2,2,0.5828,0.5947,Pass
000104,3,0.005859375,4,4,0.8212,0.8247,Pass
000106,0,0.015625,4,4,0.7874,0.7874,IoU Drop: 0.757 < 0.787
000107,1,0.01171875,7,7,0.8197,0.8029,Pass
000108,2,0.0078125,2,2,0.717,0.7263,Pass
000116,1,0.01171875,4,4,0.7847,0.7888,Pass
000117,2,0.0078125,7,7,0.7646,0.7734,Pass
000118,1,0.01171875,1,1,0.6335,0.6757,Pass
000122,0,0.015625,2,2,0.6402,0.6402,IoU Drop: 0.610 < 0.640
000124,2,0.0078125,1,1,0.666,0.7023,Pass
000126,2,0.0078125,1,1,0.8618,0.8581,Pass
000128,0,0.015625,1,1,0.7604,0.7604,IoU Drop: 0.740 < 0.760
000132,0,0.015625,1,1,0.9087,0.9087,IoU Drop: 0.862 < 0.909
000134,0,0.015625,10,10,0.6678,0.6678,IoU Drop: 0.640 < 0.668
000135,3,0.005859375,7,7,0.7918,0.775,Pass
000137,4,0.00390625,3,3,0.6783,0.6795,Pass
000139,6,0.001953125,1,1,0.5839,0.6291,Pass
000140,3,0.005859375,4,4,0.7898,0.8022,Pass
000143,3,0.005859375,2,2,0.7852,0.7812,Pass
000147,3,0.005859375,1,1,0.6761,0.6583,Pass
000151,2,0.0078125,2,2,0.7987,0.8016,Pass
000152,1,0.01171875,7,7,0.7878,0.7783,Pass
000153,2,0.0078125,3,3,0.6987,0.7231,Pass
000156,0,0.015625,1,1,0.7101,0.7101,IoU Drop: 0.588 < 0.710
000159,0,0.015625,7,7,0.8595,0.8595,IoU Drop: 0.815 < 0.859
000161,2,0.0078125,9,9,0.7858,0.786,Pass
000167,0,0.015625,3,3,0.6552,0.6552,TP Drop: 2 < 3
000168,4,0.00390625,4,4,0.6439,0.6312,Pass
000169,1,0.01171875,13,15,0.7726,0.7644,Pass
000170,0,0.015625,1,1,0.8873,0.8873,IoU Drop: 0.699 < 0.887
000173,1,0.01171875,7,7,0.807,0.7922,Pass
000174,2,0.0078125,2,2,0.7853,0.7841,Pass
000175,1,0.01171875,3,3,0.8113,0.8087,Pass
000181,0,0.015625,10,10,0.8035,0.8035,TP Drop: 9 < 10
000182,4,0.00390625,2,2,0.8083,0.8357,Pass
000183,1,0.01171875,6,6,0.7303,0.7587,Pass
000186,2,0.0078125,7,8,0.8162,0.8025,Pass
000187,0,0.015625,1,1,0.553,0.553,IoU Drop: 0.521 < 0.553
000188,3,0.005859375,4,4,0.7792,0.7846,Pass
000190,0,0.015625,1,1,0.8803,0.8803,IoU Drop: 0.843 < 0.880
000191,3,0.005859375,9,9,0.8426,0.8269,Pass
000192,2,0.0078125,5,5,0.8683,0.8699,Pass
000194,2,0.0078125,2,2,0.8359,0.8251,Pass
000195,2,0.0078125,2,2,0.6144,0.6436,Pass
000196,3,0.005859375,1,1,0.699,0.7182,Pass
000197,3,0.005859375,6,6,0.8076,0.8156,Pass
000199,1,0.01171875,1,1,0.6188,0.5999,Pass
000201,2,0.0078125,8,8,0.7714,0.7671,Pass
000203,2,0.0078125,2,2,0.6381,0.6433,Pass
000204,4,0.00390625,2,2,0.698,0.7701,Pass
000207,0,0.015625,4,4,0.7335,0.7335,TP Drop: 3 < 4
000211,1,0.01171875,8,8,0.7593,0.746,Pass
000212,1,0.01171875,3,3,0.7019,0.703,Pass
000213,1,0.01171875,10,10,0.832,0.8263,Pass
000216,3,0.005859375,5,5,0.7572,0.7568,Pass
000218,0,0.015625,7,7,0.7839,0.7839,TP Drop: 6 < 7
000223,1,0.01171875,2,2,0.6878,0.6854,Pass
000224,3,0.005859375,1,1,0.6867,0.7028,Pass
000226,1,0.01171875,6,6,0.8128,0.8215,Pass
000229,5,0.0029296875,1,1,0.6562,0.6661,Pass
000230,5,0.0029296875,1,1,0.6192,0.7324,Pass
000231,3,0.005859375,4,4,0.7003,0.7005,Pass
000234,2,0.0078125,6,6,0.8267,0.8192,Pass
000235,3,0.005859375,4,4,0.7223,0.7466,Pass
000236,1,0.01171875,8,8,0.8324,0.8186,Pass
000237,0,0.015625,2,2,0.8256,0.8256,IoU Drop: 0.801 < 0.826
000239,2,0.0078125,2,2,0.7921,0.7894,Pass
000242,2,0.0078125,3,3,0.8534,0.8401,Pass
000246,2,0.0078125,5,5,0.8127,0.7994,Pass
000247,4,0.00390625,1,1,0.6163,0.7555,Pass
000248,0,0.015625,8,8,0.8792,0.8792,IoU Drop: 0.856 < 0.879
000249,1,0.01171875,6,6,0.848,0.8388,Pass
000250,3,0.005859375,3,3,0.8178,0.8079,Pass
000251,6,0.001953125,0,0,0.0,0.0,Hard Frame (Base TP=0)
000252,3,0.005859375,3,3,0.7219,0.7027,Pass
000260,3,0.005859375,2,2,0.5517,0.5345,Pass
000262,1,0.01171875,7,7,0.8108,0.8129,Pass
000263,0,0.015625,1,1,0.7303,0.7303,IoU Drop: 0.692 < 0.730
000265,0,0.015625,3,3,0.7208,0.7208,TP Drop: 2 < 3
000266,0,0.015625,9,9,0.7442,0.7442,TP Drop: 8 < 9
000268,2,0.0078125,3,3,0.7102,0.7178,Pass
000269,0,0.015625,5,5,0.7775,0.7775,IoU Drop: 0.714 < 0.778
000270,3,0.005859375,3,3,0.7424,0.7614,Pass
000272,2,0.0078125,1,1,0.8543,0.8506,Pass
000273,3,0.005859375,6,6,0.695,0.6897,Pass
000278,6,0.001953125,0,0,0.0,0.0,Hard Frame (Base TP=0)
000279,1,0.01171875,4,4,0.7471,0.7397,Pass
000281,4,0.00390625,1,1,0.6266,0.6518,Pass
000283,1,0.01171875,2,2,0.8121,0.8342,Pass
000284,2,0.0078125,9,9,0.7924,0.7734,Pass
000289,3,0.005859375,3,3,0.6337,0.6324,Pass
000290,0,0.015625,1,1,0.7232,0.7232,IoU Drop: 0.644 < 0.723
000291,2,0.0078125,3,3,0.7526,0.761,Pass
000293,3,0.005859375,3,3,0.8547,0.8609,Pass
000297,3,0.005859375,3,3,0.6279,0.6232,Pass
000301,0,0.015625,6,6,0.7669,0.7669,TP Drop: 5 < 6
000302,3,0.005859375,3,3,0.6767,0.7181,Pass
000305,2,0.0078125,3,3,0.7885,0.8106,Pass
000307,3,0.005859375,2,2,0.6517,0.6579,Pass
000308,1,0.01171875,4,4,0.683,0.6731,Pass
000309,0,0.015625,3,3,0.8203,0.8203,IoU Drop: 0.784 < 0.820
000311,0,0.015625,8,8,0.7742,0.7742,TP Drop: 7 < 8
000312,2,0.0078125,3,3,0.8296,0.8223,Pass
000314,3,0.005859375,3,3,0.7373,0.7235,Pass
000315,2,0.0078125,3,3,0.7464,0.7713,Pass
000319,4,0.00390625,4,4,0.794,0.7888,Pass
000320,3,0.005859375,5,5,0.8047,0.8235,Pass
000321,1,0.01171875,3,3,0.8459,0.8336,Pass
000323,2,0.0078125,6,6,0.7954,0.7763,Pass
000324,0,0.015625,1,1,0.6621,0.6621,IoU Drop: 0.638 < 0.662
000327,0,0.015625,1,1,0.763,0.763,IoU Drop: 0.673 < 0.763
000328,0,0.015625,9,9,0.8092,0.8092,IoU Drop: 0.764 < 0.809
000329,0,0.015625,2,2,0.6974,0.6974,TP Drop: 1 < 2
000332,0,0.015625,9,9,0.6718,0.6718,TP Drop: 7 < 9
000333,2,0.0078125,3,3,0.7997,0.8168,Pass
000335,0,0.015625,7,7,0.8196,0.8196,IoU Drop: 0.774 < 0.820
000336,0,0.015625,9,9,0.6335,0.6335,TP Drop: 7 < 9
000340,3,0.005859375,3,3,0.7378,0.7476,Pass
000341,0,0.015625,2,2,0.6631,0.6631,IoU Drop: 0.615 < 0.663
000343,3,0.005859375,4,4,0.792,0.7721,Pass
000345,0,0.015625,4,4,0.8097,0.8097,IoU Drop: 0.786 < 0.810
000346,1,0.01171875,8,8,0.8047,0.8149,Pass
000347,0,0.015625,3,3,0.6666,0.6666,TP Drop: 2 < 3
000350,2,0.0078125,9,9,0.7888,0.8037,Pass
000351,2,0.0078125,5,5,0.8735,0.8664,Pass
000352,3,0.005859375,9,9,0.7602,0.7529,Pass
000354,0,0.015625,5,5,0.8014,0.8014,IoU Drop: 0.750 < 0.801
000355,1,0.01171875,1,1,0.6846,0.6812,Pass
000356,3,0.005859375,5,5,0.8025,0.7875,Pass
000357,2,0.0078125,8,8,0.8669,0.8484,Pass
000359,6,0.001953125,1,1,0.632,0.6267,Pass
000360,3,0.005859375,3,3,0.7306,0.737,Pass
000361,0,0.015625,6,6,0.844,0.844,IoU Drop: 0.821 < 0.844
000362,2,0.0078125,7,7,0.8015,0.7898,Pass
000365,1,0.01171875,1,1,0.5333,0.5536,Pass
000366,2,0.0078125,3,3,0.6807,0.7223,Pass
000369,2,0.0078125,11,11,0.7714,0.7606,Pass
000370,3,0.005859375,9,9,0.8227,0.8027,Pass
000372,5,0.0029296875,2,2,0.7899,0.7732,Pass
000373,1,0.01171875,5,5,0.7818,0.7945,Pass
000376,2,0.0078125,4,4,0.7463,0.7737,Pass
000377,1,0.01171875,4,4,0.7855,0.8028,Pass
000378,2,0.0078125,3,3,0.7679,0.7615,Pass
000379,5,0.0029296875,2,2,0.7572,0.7433,Pass
000381,0,0.015625,1,1,0.5063,0.5063,TP Drop: 0 < 1
000382,0,0.015625,7,7,0.7795,0.7795,IoU Drop: 0.759 < 0.780
000383,0,0.015625,8,8,0.679,0.679,TP Drop: 7 < 8
000385,3,0.005859375,5,5,0.8082,0.8287,Pass
000386,1,0.01171875,7,7,0.8356,0.8229,Pass
000388,6,0.001953125,0,0,0.0,0.0,Hard Frame (Base TP=0)
000391,0,0.015625,2,2,0.8299,0.8299,IoU Drop: 0.790 < 0.830
000392,2,0.0078125,9,9,0.8045,0.7855,Pass
000393,1,0.01171875,8,8,0.7944,0.7877,Pass
000394,2,0.0078125,1,1,0.611,0.6406,Pass
000395,1,0.01171875,8,8,0.8221,0.8277,Pass
000396,5,0.0029296875,1,1,0.778,0.7911,Pass
000397,1,0.01171875,6,6,0.8338,0.8343,Pass
000398,0,0.015625,1,1,0.584,0.584,TP Drop: 0 < 1
000399,0,0.015625,1,1,0.5461,0.5461,TP Drop: 0 < 1
000401,2,0.0078125,7,7,0.7615,0.7466,Pass
000402,3,0.005859375,1,1,0.8988,0.9008,Pass
000403,2,0.0078125,5,5,0.7847,0.7806,Pass
000404,2,0.0078125,9,9,0.8076,0.7883,Pass
000407,0,0.015625,1,1,0.6357,0.6357,IoU Drop: 0.587 < 0.636
000408,0,0.015625,8,8,0.7939,0.7939,IoU Drop: 0.772 < 0.794
000409,4,0.00390625,2,2,0.6435,0.6913,Pass
000413,3,0.005859375,3,3,0.7132,0.7301,Pass
000414,2,0.0078125,1,1,0.8384,0.8303,Pass
000415,1,0.01171875,9,9,0.8201,0.8171,Pass
000419,3,0.005859375,2,2,0.7607,0.7981,Pass
000420,2,0.0078125,5,5,0.8037,0.8211,Pass
000422,0,0.015625,7,7,0.6261,0.6261,TP Drop: 5 < 7
000427,2,0.0078125,6,6,0.7661,0.7479,Pass
000428,0,0.015625,3,3,0.7053,0.7053,TP Drop: 2 < 3
000429,2,0.0078125,10,10,0.882,0.8771,Pass
000430,2,0.0078125,3,3,0.7158,0.7356,Pass
000436,1,0.01171875,8,8,0.8062,0.7871,Pass
000437,5,0.0029296875,2,2,0.5647,0.6299,Pass
000440,1,0.01171875,1,1,0.8747,0.8845,Pass
000443,2,0.0078125,7,7,0.7906,0.7992,Pass
000446,3,0.005859375,2,2,0.6975,0.7277,Pass
000448,1,0.01171875,6,6,0.6863,0.7058,Pass
000450,2,0.0078125,1,1,0.7106,0.7057,Pass
000451,6,0.001953125,0,0,0.0,0.0,Hard Frame (Base TP=0)
000452,1,0.01171875,1,1,0.7997,0.8021,Pass
000453,2,0.0078125,4,4,0.7675,0.7527,Pass
000454,4,0.00390625,2,2,0.765,0.7653,Pass
000455,1,0.01171875,8,8,0.7887,0.7787,Pass
000457,2,0.0078125,2,2,0.6521,0.6647,Pass
000459,1,0.01171875,4,4,0.801,0.7905,Pass
000463,1,0.01171875,8,8,0.7769,0.7891,Pass
000468,1,0.01171875,3,3,0.7823,0.7836,Pass
000469,0,0.015625,8,8,0.7096,0.7096,TP Drop: 6 < 8
000472,2,0.0078125,5,5,0.7977,0.7851,Pass
000473,2,0.0078125,1,1,0.8134,0.8362,Pass
000475,1,0.01171875,8,8,0.8523,0.8441,Pass
000476,3,0.005859375,1,1,0.856,0.8436,Pass
000477,0,0.015625,1,1,0.6462,0.6462,IoU Drop: 0.533 < 0.646
000478,1,0.01171875,3,3,0.7336,0.7473,Pass
000479,4,0.00390625,3,3,0.6816,0.7286,Pass
000480,5,0.0029296875,2,2,0.6388,0.6444,Pass
000481,4,0.00390625,2,2,0.8078,0.8214,Pass
000485,3,0.005859375,3,3,0.8772,0.8749,Pass
000486,1,0.01171875,7,7,0.8387,0.8228,Pass
000489,3,0.005859375,1,1,0.737,0.771,Pass
000491,3,0.005859375,5,5,0.7804,0.801,Pass
000492,2,0.0078125,11,11,0.783,0.8038,Pass
000493,3,0.005859375,4,4,0.8325,0.8268,Pass
000494,2,0.0078125,5,5,0.7605,0.7654,Pass
000495,3,0.005859375,4,4,0.7692,0.7779,Pass
000496,2,0.0078125,1,1,0.6417,0.6348,Pass
000498,0,0.015625,1,1,0.7061,0.7061,IoU Drop: 0.509 < 0.706
000499,6,0.001953125,0,0,0.0,0.0,Hard Frame (Base TP=0)
000503,4,0.00390625,3,3,0.7266,0.7124,Pass
000504,1,0.01171875,2,2,0.7663,0.7761,Pass
000506,4,0.00390625,3,3,0.7279,0.7227,Pass
000508,5,0.0029296875,1,1,0.5657,0.6594,Pass
000509,0,0.015625,1,1,0.9136,0.9136,IoU Drop: 0.813 < 0.914
000510,3,0.005859375,7,7,0.7845,0.7742,Pass
000512,4,0.00390625,1,1,0.7371,0.7265,Pass
000515,2,0.0078125,8,8,0.8076,0.7903,Pass
000517,3,0.005859375,3,3,0.7478,0.7358,Pass
000519,0,0.015625,9,9,0.8424,0.8424,IoU Drop: 0.808 < 0.842
000521,4,0.00390625,4,4,0.7159,0.6967,Pass
000524,4,0.00390625,2,3,0.7714,0.7551,Pass
000527,3,0.005859375,6,6,0.8188,0.7999,Pass
000528,1,0.01171875,5,5,0.8174,0.8241,Pass
000530,1,0.01171875,3,3,0.6966,0.6793,Pass
000533,6,0.001953125,0,0,0.0,0.0,Hard Frame (Base TP=0)
000536,0,0.015625,3,3,0.6959,0.6959,TP Drop: 2 < 3
000541,2,0.0078125,5,5,0.8495,0.8321,Pass
000542,3,0.005859375,4,4,0.7223,0.7401,Pass
000543,1,0.01171875,2,2,0.8113,0.7965,Pass
000545,2,0.0078125,2,2,0.7613,0.7811,Pass
000546,0,0.015625,1,1,0.7785,0.7785,IoU Drop: 0.721 < 0.779
000548,0,0.015625,8,8,0.7204,0.7204,TP Drop: 6 < 8
000551,1,0.01171875,4,4,0.7197,0.7215,Pass
000554,0,0.015625,8,8,0.8285,0.8285,IoU Drop: 0.802 < 0.828
000555,5,0.0029296875,3,3,0.6405,0.6929,Pass
000558,1,0.01171875,7,7,0.8707,0.8629,Pass
000559,0,0.015625,9,9,0.6419,0.6419,TP Drop: 7 < 9
000560,2,0.0078125,2,2,0.6413,0.7474,Pass
000561,1,0.01171875,1,1,0.9145,0.9331,Pass
000564,1,0.01171875,2,2,0.8714,0.852,Pass
000566,5,0.0029296875,1,1,0.6574,0.6566,Pass
000567,0,0.015625,6,6,0.7785,0.7785,IoU Drop: 0.748 < 0.778
000568,6,0.001953125,0,0,0.0,0.0,Hard Frame (Base TP=0)
000569,4,0.00390625,2,2,0.7472,0.8065,Pass
000571,0,0.015625,11,11,0.661,0.661,TP Drop: 6 < 11
000572,1,0.01171875,6,6,0.831,0.8305,Pass
000581,5,0.0029296875,1,1,0.7465,0.7481,Pass
000583,1,0.01171875,3,3,0.7165,0.7069,Pass
000588,0,0.015625,3,3,0.7983,0.7983,IoU Drop: 0.764 < 0.798
000589,4,0.00390625,2,2,0.7976,0.82,Pass
000590,2,0.0078125,16,16,0.7849,0.7676,Pass
000591,2,0.0078125,5,5,0.8605,0.8555,Pass
000595,0,0.015625,2,2,0.6549,0.6549,TP Drop: 1 < 2
000600,1,0.01171875,7,7,0.7805,0.7702,Pass
000601,4,0.00390625,2,2,0.6457,0.6559,Pass
000604,0,0.015625,1,1,0.678,0.678,IoU Drop: 0.637 < 0.678
000610,4,0.00390625,1,1,0.7763,0.7798,Pass
000611,3,0.005859375,2,2,0.6661,0.6481,Pass
000612,1,0.01171875,9,9,0.7681,0.7629,Pass
000613,0,0.015625,8,8,0.7007,0.7007,TP Drop: 7 < 8
000614,2,0.0078125,8,8,0.7849,0.7742,Pass
000615,1,0.01171875,7,7,0.7591,0.7838,Pass
000618,2,0.0078125,2,2,0.7391,0.7607,Pass
000619,3,0.005859375,3,3,0.7929,0.7996,Pass
000620,0,0.015625,6,6,0.7997,0.7997,IoU Drop: 0.777 < 0.800
000624,1,0.01171875,3,3,0.7811,0.7732,Pass
000625,0,0.015625,7,7,0.6148,0.6148,IoU Drop: 0.589 < 0.615
000626,2,0.0078125,4,4,0.7949,0.7985,Pass
000628,0,0.015625,11,11,0.7801,0.7801,TP Drop: 10 < 11
000630,4,0.00390625,1,1,0.6747,0.6936,Pass
000634,1,0.01171875,3,3,0.8066,0.7878,Pass
000635,4,0.00390625,3,3,0.6602,0.6861,Pass
000636,0,0.015625,1,1,0.6476,0.6476,TP Drop: 0 < 1
000639,0,0.015625,7,7,0.7991,0.7991,TP Drop: 6 < 7
000642,1,0.01171875,4,4,0.7208,0.7283,Pass
000644,5,0.0029296875,2,2,0.7986,0.7821,Pass
000645,4,0.00390625,3,3,0.7436,0.7313,Pass
000647,3,0.005859375,4,4,0.7778,0.8068,Pass
000648,3,0.005859375,2,2,0.8632,0.8461,Pass
000650,4,0.00390625,2,2,0.7428,0.8217,Pass
000655,3,0.005859375,4,4,0.7247,0.7138,Pass
000657,1,0.01171875,2,2,0.5997,0.5888,Pass
000658,4,0.00390625,2,2,0.7053,0.7441,Pass
000659,3,0.005859375,1,1,0.7827,0.7885,Pass
000660,5,0.0029296875,2,2,0.7377,0.733,Pass
000667,2,0.0078125,5,5,0.7692,0.7525,Pass
000669,1,0.01171875,8,8,0.8605,0.846,Pass
000670,3,0.005859375,1,1,0.7529,0.746,Pass
000674,0,0.015625,7,7,0.774,0.774,TP Drop: 6 < 7
000677,0,0.015625,10,10,0.744,0.744,TP Drop: 9 < 10
000679,3,0.005859375,1,1,0.8683,0.8795,Pass
000682,2,0.0078125,2,2,0.7002,0.6804,Pass
000683,5,0.0029296875,3,3,0.6341,0.6297,Pass
000684,3,0.005859375,6,6,0.8114,0.7972,Pass
000691,1,0.01171875,6,6,0.7685,0.7553,Pass
000692,1,0.01171875,9,9,0.8003,0.7975,Pass
000694,0,0.015625,9,9,0.7943,0.7943,TP Drop: 8 < 9
000696,1,0.01171875,6,6,0.8367,0.8281,Pass
000698,1,0.01171875,2,2,0.767,0.764,Pass
000699,4,0.00390625,1,1,0.8485,0.8386,Pass
000700,3,0.005859375,2,2,0.7437,0.753,Pass
000702,4,0.00390625,1,1,0.614,0.6361,Pass
000704,2,0.0078125,3,3,0.8117,0.8047,Pass
000706,3,0.005859375,3,3,0.86,0.8763,Pass
000708,2,0.0078125,9,9,0.8709,0.865,Pass
000716,5,0.0029296875,2,2,0.6852,0.7008,Pass
000717,2,0.0078125,2,2,0.6995,0.6955,Pass
000718,0,0.015625,9,9,0.6217,0.6217,TP Drop: 8 < 9
000721,0,0.015625,1,1,0.7367,0.7367,IoU Drop: 0.592 < 0.737
000722,2,0.0078125,2,2,0.6454,0.6566,Pass
000725,2,0.0078125,7,7,0.8411,0.8281,Pass
000727,0,0.015625,3,3,0.6849,0.6849,IoU Drop: 0.552 < 0.685
000728,3,0.005859375,3,3,0.8048,0.7954,Pass
000729,0,0.015625,6,6,0.8035,0.8035,TP Drop: 5 < 6
000731,1,0.01171875,2,2,0.685,0.7314,Pass
000734,3,0.005859375,6,6,0.7894,0.7756,Pass
000736,2,0.0078125,5,5,0.8172,0.8104,Pass
000737,1,0.01171875,6,6,0.801,0.7842,Pass
000740,1,0.01171875,2,2,0.8915,0.891,Pass
000741,2,0.0078125,7,7,0.8716,0.8674,Pass
000745,0,0.015625,5,5,0.8229,0.8229,IoU Drop: 0.800 < 0.823
000746,1,0.01171875,1,1,0.6562,0.6785,Pass
000748,2,0.0078125,3,3,0.7595,0.7449,Pass
000750,4,0.00390625,3,3,0.8044,0.7969,Pass
000751,1,0.01171875,6,6,0.8087,0.8245,Pass
000752,1,0.01171875,9,9,0.8262,0.8166,Pass
000754,3,0.005859375,4,4,0.8514,0.8424,Pass
000756,3,0.005859375,7,7,0.8459,0.8316,Pass
000761,0,0.015625,1,1,0.8646,0.8646,IoU Drop: 0.826 < 0.865
000765,2,0.0078125,2,2,0.7806,0.7864,Pass
000766,3,0.005859375,2,2,0.7574,0.8476,Pass
000767,3,0.005859375,1,1,0.7201,0.7406,Pass
000768,2,0.0078125,8,8,0.845,0.8271,Pass
000769,4,0.00390625,1,1,0.5834,0.612,Pass
000771,2,0.0078125,2,2,0.7458,0.7703,Pass
000772,0,0.015625,3,3,0.7519,0.7519,TP Drop: 2 < 3
000773,2,0.0078125,2,2,0.6048,0.6251,Pass
000774,0,0.015625,1,1,0.5461,0.5461,TP Drop: 0 < 1
000778,2,0.0078125,6,6,0.8331,0.8225,Pass
000779,1,0.01171875,1,1,0.8601,0.8808,Pass
000782,0,0.015625,6,6,0.7372,0.7372,TP Drop: 5 < 6
000790,2,0.0078125,3,3,0.842,0.8355,Pass
000792,4,0.00390625,2,2,0.7361,0.7676,Pass
000795,1,0.01171875,8,8,0.7959,0.7886,Pass
000798,1,0.01171875,9,9,0.8087,0.8017,Pass
000800,4,0.00390625,4,4,0.7557,0.7625,Pass
000801,1,0.01171875,1,1,0.702,0.7361,Pass
000802,3,0.005859375,8,8,0.8411,0.8245,Pass
000803,3,0.005859375,3,3,0.6741,0.6829,Pass
000804,2,0.0078125,5,5,0.7393,0.75,Pass
000805,0,0.015625,7,7,0.8191,0.8191,IoU Drop: 0.795 < 0.819
000806,6,0.001953125,0,0,0.0,0.0,Hard Frame (Base TP=0)
000807,6,0.001953125,1,1,0.7403,0.7732,Pass
000809,1,0.01171875,9,9,0.7625,0.7533,Pass
000810,2,0.0078125,1,1,0.809,0.8004,Pass
000811,1,0.01171875,2,2,0.6321,0.6998,Pass
000812,3,0.005859375,2,2,0.6571,0.6887,Pass
000816,3,0.005859375,1,1,0.8749,0.9286,Pass
000819,2,0.0078125,6,6,0.8408,0.831,Pass
000823,2,0.0078125,4,4,0.8115,0.8294,Pass
000826,3,0.005859375,1,1,0.5224,0.5031,Pass
000831,0,0.015625,13,13,0.7874,0.7874,TP Drop: 12 < 13
000837,1,0.01171875,8,8,0.8194,0.8111,Pass
000838,4,0.00390625,1,1,0.8123,0.8618,Pass
000840,1,0.01171875,5,6,0.6163,0.6279,Pass
000841,0,0.015625,1,1,0.7554,0.7554,IoU Drop: 0.573 < 0.755
000843,0,0.015625,8,8,0.809,0.809,TP Drop: 7 < 8
000844,2,0.0078125,3,3,0.7383,0.7388,Pass
000847,2,0.0078125,6,6,0.7996,0.7852,Pass
000848,2,0.0078125,3,3,0.8017,0.7849,Pass
000849,2,0.0078125,3,3,0.7835,0.7934,Pass
000850,3,0.005859375,3,3,0.7722,0.7692,Pass
000852,4,0.00390625,2,2,0.822,0.8146,Pass
000854,4,0.00390625,2,2,0.7264,0.7065,Pass
000859,2,0.0078125,6,6,0.735,0.7282,Pass
000862,1,0.01171875,2,2,0.6284,0.6364,Pass
000863,0,0.015625,3,3,0.7507,0.7507,IoU Drop: 0.667 < 0.751
000869,3,0.005859375,2,2,0.7879,0.7856,Pass
000873,6,0.001953125,0,0,0.0,0.0,Hard Frame (Base TP=0)
000874,0,0.015625,9,9,0.6592,0.6592,IoU Drop: 0.614 < 0.659
000875,2,0.0078125,4,4,0.8528,0.849,Pass
000876,3,0.005859375,2,2,0.8278,0.8561,Pass
000877,2,0.0078125,2,2,0.7359,0.724,Pass
000878,0,0.015625,1,1,0.8136,0.8136,IoU Drop: 0.742 < 0.814
000879,5,0.0029296875,1,1,0.661,0.6798,Pass
000881,6,0.001953125,1,1,0.5882,0.6608,Pass
000884,3,0.005859375,2,2,0.8169,0.8455,Pass
000885,2,0.0078125,5,5,0.8296,0.8298,Pass
000889,1,0.01171875,3,3,0.7724,0.7811,Pass
000893,4,0.00390625,1,1,0.7435,0.7407,Pass
000894,1,0.01171875,2,2,0.8142,0.8195,Pass
000897,3,0.005859375,2,2,0.6761,0.6794,Pass
000899,5,0.0029296875,1,1,0.5986,0.5886,Pass
000904,2,0.0078125,3,3,0.6889,0.7286,Pass
000907,2,0.0078125,4,4,0.7903,0.7982,Pass
000909,4,0.00390625,5,5,0.8169,0.8007,Pass
000911,0,0.015625,1,1,0.7359,0.7359,IoU Drop: 0.691 < 0.736
000912,2,0.0078125,5,5,0.8093,0.8076,Pass
000915,0,0.015625,6,6,0.6757,0.6757,TP Drop: 4 < 6
000916,5,0.0029296875,2,2,0.6348,0.6567,Pass
000917,0,0.015625,2,2,0.8742,0.8742,IoU Drop: 0.836 < 0.874
000920,3,0.005859375,4,4,0.8228,0.8255,Pass
000922,1,0.01171875,6,6,0.8299,0.8218,Pass
000923,1,0.01171875,2,2,0.6163,0.6207,Pass
000926,3,0.005859375,2,2,0.7758,0.8278,Pass
000928,0,0.015625,11,11,0.6312,0.6312,TP Drop: 10 < 11
000930,1,0.01171875,3,3,0.8424,0.8422,Pass
000931,1,0.01171875,3,3,0.626,0.6628,Pass
000932,6,0.001953125,0,0,0.0,0.0,Hard Frame (Base TP=0)
000938,4,0.00390625,3,3,0.6116,0.6063,Pass
000939,0,0.015625,3,3,0.848,0.848,IoU Drop: 0.806 < 0.848
000940,1,0.01171875,4,4,0.7579,0.7598,Pass
000942,0,0.015625,7,7,0.8828,0.8828,IoU Drop: 0.849 < 0.883
000943,2,0.0078125,4,4,0.7149,0.7214,Pass
000944,0,0.015625,9,9,0.7971,0.7971,IoU Drop: 0.765 < 0.797
000948,6,0.001953125,0,0,0.0,0.0,Hard Frame (Base TP=0)
000949,5,0.0029296875,1,1,0.8498,0.8635,Pass
000952,1,0.01171875,3,3,0.865,0.8701,Pass
000953,3,0.005859375,3,4,0.7777,0.795,Pass
000956,0,0.015625,8,8,0.7953,0.7953,TP Drop: 7 < 8
000958,2,0.0078125,4,4,0.7799,0.7684,Pass
000961,1,0.01171875,4,4,0.6219,0.6383,Pass
000963,2,0.0078125,4,4,0.7143,0.7007,Pass
000964,0,0.015625,8,8,0.6273,0.6273,TP Drop: 5 < 8
000966,1,0.01171875,11,13,0.6363,0.6314,Pass
000967,3,0.005859375,3,3,0.7156,0.714,Pass
000969,3,0.005859375,1,1,0.6681,0.6684,Pass
000970,0,0.015625,6,6,0.8001,0.8001,TP Drop: 5 < 6
000971,6,0.001953125,0,0,0.0,0.0,Hard Frame (Base TP=0)
000973,0,0.015625,1,1,0.9308,0.9308,IoU Drop: 0.874 < 0.931
000974,1,0.01171875,2,2,0.7087,0.7157,Pass
000976,1,0.01171875,3,3,0.8425,0.838,Pass
000979,5,0.0029296875,1,1,0.5741,0.5759,Pass
000981,3,0.005859375,2,2,0.6268,0.6345,Pass
000983,1,0.01171875,7,7,0.8043,0.8065,Pass
000984,3,0.005859375,1,1,0.7661,0.755,Pass
000985,0,0.015625,9,9,0.8304,0.8304,TP Drop: 8 < 9
000986,0,0.015625,8,8,0.7614,0.7614,IoU Drop: 0.735 < 0.761
000988,3,0.005859375,3,3,0.735,0.746,Pass
000991,0,0.015625,4,4,0.7898,0.7898,IoU Drop: 0.765 < 0.790
000999,0,0.015625,10,10,0.6535,0.6535,TP Drop: 8 < 10
001002,1,0.01171875,4,4,0.8062,0.806,Pass
001006,2,0.0078125,1,1,0.7699,0.7712,Pass
001007,1,0.01171875,6,6,0.8007,0.8377,Pass
001008,0,0.015625,4,4,0.579,0.579,TP Drop: 1 < 4
001010,1,0.01171875,10,10,0.7762,0.7948,Pass
001011,2,0.0078125,9,9,0.8099,0.8121,Pass
001012,2,0.0078125,6,6,0.8344,0.8209,Pass
001013,2,0.0078125,7,7,0.8176,0.8258,Pass
001014,2,0.0078125,1,1,0.9272,0.9123,Pass
001015,3,0.005859375,6,6,0.8792,0.8645,Pass
001018,1,0.01171875,1,1,0.8684,0.8489,Pass
001019,6,0.001953125,0,0,0.0,0.0,Hard Frame (Base TP=0)
001021,3,0.005859375,5,5,0.8222,0.8071,Pass
001022,3,0.005859375,4,4,0.7348,0.743,Pass
001025,4,0.00390625,1,1,0.7079,0.7167,Pass
001026,5,0.0029296875,2,2,0.7955,0.8118,Pass
001027,0,0.015625,2,2,0.6967,0.6967,IoU Drop: 0.667 < 0.697
001035,1,0.01171875,9,10,0.8087,0.811,Pass
001037,1,0.01171875,1,1,0.5885,0.5798,Pass
001039,3,0.005859375,4,4,0.7346,0.7357,Pass
001042,2,0.0078125,5,5,0.8239,0.8326,Pass
001043,1,0.01171875,8,8,0.8095,0.8036,Pass
001046,0,0.015625,7,7,0.6677,0.6677,IoU Drop: 0.625 < 0.668
001050,0,0.015625,7,7,0.6491,0.6491,TP Drop: 5 < 7
001051,2,0.0078125,1,1,0.7285,0.7087,Pass
001053,4,0.00390625,1,1,0.6426,0.6328,Pass
001054,0,0.015625,9,9,0.7625,0.7625,TP Drop: 7 < 9
001055,0,0.015625,8,8,0.7758,0.7758,IoU Drop: 0.734 < 0.776
001058,3,0.005859375,4,4,0.7386,0.7306,Pass
001063,3,0.005859375,3,3,0.7444,0.7536,Pass
001065,2,0.0078125,9,9,0.7808,0.7725,Pass
001066,1,0.01171875,1,1,0.8637,0.88,Pass
001067,2,0.0078125,2,2,0.8129,0.8191,Pass
001068,0,0.015625,7,7,0.691,0.691,IoU Drop: 0.665 < 0.691
001069,2,0.0078125,5,5,0.6816,0.6881,Pass
001070,0,0.015625,8,8,0.6592,0.6592,TP Drop: 3 < 8
001071,2,0.0078125,9,9,0.8278,0.8092,Pass
001075,0,0.015625,2,2,0.69,0.69,IoU Drop: 0.610 < 0.690
001076,4,0.00390625,2,2,0.6913,0.7599,Pass
001077,0,0.015625,13,13,0.7721,0.7721,TP Drop: 12 < 13
001078,1,0.01171875,6,6,0.7926,0.8087,Pass
001083,1,0.01171875,7,7,0.8034,0.7944,Pass
001084,2,0.0078125,4,4,0.7454,0.7602,Pass
001086,0,0.015625,6,6,0.761,0.761,TP Drop: 5 < 6
001088,0,0.015625,1,1,0.6971,0.6971,IoU Drop: 0.639 < 0.697
001089,0,0.015625,6,6,0.7666,0.7666,TP Drop: 5 < 6
001094,2,0.0078125,2,2,0.7708,0.7882,Pass
001095,0,0.015625,2,2,0.7033,0.7033,IoU Drop: 0.650 < 0.703
001096,1,0.01171875,5,5,0.7823,0.8105,Pass
001097,1,0.01171875,5,5,0.814,0.8074,Pass
001099,5,0.0029296875,1,1,0.7334,0.7526,Pass
001101,0,0.015625,9,9,0.6177,0.6177,TP Drop: 5 < 9
001102,2,0.0078125,7,7,0.7752,0.7617,Pass
001104,0,0.015625,5,5,0.8666,0.8666,IoU Drop: 0.839 < 0.867
001106,0,0.015625,4,4,0.7059,0.7059,IoU Drop: 0.619 < 0.706
001107,1,0.01171875,4,4,0.8285,0.8157,Pass
001108,1,0.01171875,10,10,0.8044,0.8112,Pass
001111,2,0.0078125,2,2,0.7239,0.7256,Pass
001113,0,0.015625,1,1,0.7025,0.7025,IoU Drop: 0.589 < 0.702
001114,0,0.015625,3,3,0.7643,0.7643,TP Drop: 2 < 3
001115,3,0.005859375,1,1,0.541,0.5953,Pass
001116,2,0.0078125,5,5,0.8225,0.8198,Pass
001118,0,0.015625,4,4,0.7315,0.7315,TP Drop: 3 < 4
001120,1,0.01171875,7,7,0.7888,0.7887,Pass
001123,1,0.01171875,6,6,0.7562,0.7729,Pass
001125,2,0.0078125,5,5,0.7824,0.7788,Pass
001127,2,0.0078125,6,6,0.804,0.8064,Pass
001129,3,0.005859375,4,4,0.7573,0.7686,Pass
001131,2,0.0078125,2,2,0.7027,0.7287,Pass
001132,0,0.015625,4,4,0.6609,0.6609,TP Drop: 3 < 4
001133,0,0.015625,3,3,0.745,0.745,IoU Drop: 0.702 < 0.745
001134,1,0.01171875,5,5,0.7682,0.8099,Pass
001135,3,0.005859375,1,1,0.7521,0.7703,Pass
001136,1,0.01171875,9,9,0.8221,0.8246,Pass
001138,2,0.0078125,7,7,0.82,0.8126,Pass
001139,1,0.01171875,6,6,0.8133,0.8147,Pass
001140,3,0.005859375,6,6,0.8086,0.8402,Pass
001141,1,0.01171875,5,5,0.8094,0.8027,Pass
001143,2,0.0078125,4,4,0.7789,0.7709,Pass
001144,3,0.005859375,1,1,0.8202,0.8456,Pass
001145,3,0.005859375,4,4,0.7546,0.749,Pass
001147,0,0.015625,4,4,0.876,0.876,IoU Drop: 0.797 < 0.876
001148,1,0.01171875,2,2,0.6814,0.6654,Pass
001149,0,0.015625,2,2,0.6957,0.6957,IoU Drop: 0.668 < 0.696
001150,3,0.005859375,5,5,0.8594,0.8552,Pass
001152,5,0.0029296875,2,2,0.6617,0.7953,Pass
001153,1,0.01171875,4,4,0.8593,0.8627,Pass
001154,5,0.0029296875,3,3,0.6935,0.7049,Pass
001155,4,0.00390625,1,1,0.6954,0.6758,Pass
001158,1,0.01171875,5,5,0.7828,0.7849,Pass
001162,2,0.0078125,6,6,0.8296,0.8157,Pass
001163,1,0.01171875,8,8,0.8209,0.816,Pass
001167,1,0.01171875,2,2,0.7004,0.6842,Pass
001172,0,0.015625,5,5,0.7482,0.7482,TP Drop: 4 < 5
001173,6,0.001953125,0,0,0.0,0.0,Hard Frame (Base TP=0)
001176,4,0.00390625,1,1,0.8865,0.8797,Pass
001177,2,0.0078125,2,2,0.8018,0.7982,Pass
001178,1,0.01171875,3,3,0.833,0.8141,Pass
001179,3,0.005859375,4,4,0.772,0.7697,Pass
001180,1,0.01171875,8,8,0.8055,0.7898,Pass
001182,1,0.01171875,4,4,0.7901,0.7735,Pass
001183,2,0.0078125,6,6,0.81,0.8067,Pass
001187,2,0.0078125,6,6,0.8086,0.8165,Pass
001188,0,0.015625,2,2,0.6842,0.6842,IoU Drop: 0.655 < 0.684
001189,2,0.0078125,1,1,0.6981,0.7378,Pass
001191,1,0.01171875,1,1,0.7654,0.7494,Pass
001192,3,0.005859375,3,3,0.8268,0.8441,Pass
001193,0,0.015625,2,2,0.6425,0.6425,TP Drop: 1 < 2
001194,6,0.001953125,0,0,0.0,0.0,Hard Frame (Base TP=0)
001195,2,0.0078125,10,10,0.7776,0.7749,Pass
001198,2,0.0078125,2,2,0.5864,0.6853,Pass
001199,1,0.01171875,10,10,0.8139,0.7996,Pass
001203,1,0.01171875,5,5,0.8505,0.8481,Pass
001206,0,0.015625,4,4,0.8371,0.8371,IoU Drop: 0.817 < 0.837
001207,1,0.01171875,6,6,0.6313,0.6426,Pass
001213,4,0.00390625,1,1,0.5686,0.5763,Pass
001214,3,0.005859375,4,4,0.8183,0.8163,Pass
001216,0,0.015625,3,3,0.6461,0.6461,TP Drop: 2 < 3
001217,1,0.01171875,3,3,0.8302,0.8212,Pass
001218,3,0.005859375,3,3,0.7946,0.7835,Pass
001221,1,0.01171875,8,8,0.8084,0.8069,Pass
001222,1,0.01171875,9,9,0.8037,0.8054,Pass
001224,1,0.01171875,9,9,0.8008,0.7813,Pass
001225,0,0.015625,5,5,0.8089,0.8089,IoU Drop: 0.778 < 0.809
001226,2,0.0078125,3,3,0.7649,0.7981,Pass
001228,0,0.015625,1,1,0.7526,0.7526,IoU Drop: 0.695 < 0.753
001230,2,0.0078125,11,11,0.7917,0.7951,Pass
001232,2,0.0078125,8,8,0.8278,0.8102,Pass
001234,5,0.0029296875,2,2,0.6919,0.6935,Pass
001235,5,0.0029296875,1,1,0.7136,0.7612,Pass
001236,0,0.015625,2,2,0.835,0.835,IoU Drop: 0.799 < 0.835
001237,1,0.01171875,10,10,0.8052,0.8178,Pass
001239,3,0.005859375,1,1,0.8631,0.8668,Pass
001241,2,0.0078125,6,6,0.761,0.7624,Pass
001242,0,0.015625,1,1,0.696,0.696,TP Drop: 0 < 1
001243,0,0.015625,4,4,0.8219,0.8219,IoU Drop: 0.763 < 0.822
001244,2,0.0078125,10,10,0.7699,0.7838,Pass
001245,4,0.00390625,3,3,0.7027,0.6887,Pass
001246,2,0.0078125,7,7,0.7751,0.7703,Pass
001249,0,0.015625,1,1,0.6739,0.6739,IoU Drop: 0.506 < 0.674
001251,4,0.00390625,1,1,0.5923,0.5977,Pass
001252,0,0.015625,6,6,0.6797,0.6797,IoU Drop: 0.657 < 0.680
001253,0,0.015625,3,3,0.7627,0.7627,IoU Drop: 0.738 < 0.763
001254,2,0.0078125,9,9,0.7579,0.7597,Pass
001255,6,0.001953125,2,2,0.7079,0.7308,Pass
001257,4,0.00390625,2,2,0.7224,0.7446,Pass
001259,3,0.005859375,1,1,0.859,0.8666,Pass
001260,1,0.01171875,2,2,0.8068,0.8192,Pass
001261,1,0.01171875,4,4,0.8,0.8029,Pass
001263,0,0.015625,4,4,0.6779,0.6779,TP Drop: 3 < 4
001265,4,0.00390625,2,2,0.7454,0.7767,Pass
001266,2,0.0078125,2,2,0.7305,0.741,Pass
001267,1,0.01171875,3,3,0.625,0.7103,Pass
001268,1,0.01171875,5,5,0.7701,0.7766,Pass
001269,3,0.005859375,1,1,0.861,0.8438,Pass
001270,1,0.01171875,5,5,0.6773,0.6751,Pass
001271,3,0.005859375,2,2,0.6414,0.6501,Pass
001272,1,0.01171875,1,1,0.5453,0.5611,Pass
001273,2,0.0078125,3,3,0.8122,0.8118,Pass
001274,1,0.01171875,8,9,0.777,0.764,Pass
001275,2,0.0078125,4,4,0.7647,0.7448,Pass
001281,1,0.01171875,3,3,0.6203,0.6205,Pass
001284,3,0.005859375,3,3,0.843,0.8483,Pass
001286,1,0.01171875,2,2,0.6996,0.7535,Pass
001287,0,0.015625,8,8,0.8543,0.8543,IoU Drop: 0.810 < 0.854
001289,1,0.01171875,2,2,0.7594,0.7447,Pass
001291,0,0.015625,3,3,0.7704,0.7704,TP Drop: 2 < 3
001292,2,0.0078125,2,2,0.6749,0.699,Pass
001294,1,0.01171875,7,7,0.7986,0.8117,Pass
001295,3,0.005859375,5,5,0.7174,0.7007,Pass
001296,5,0.0029296875,3,3,0.6388,0.671,Pass
001303,1,0.01171875,3,3,0.8253,0.82,Pass
001304,5,0.0029296875,3,3,0.6894,0.6927,Pass
001305,1,0.01171875,4,4,0.6772,0.6994,Pass
001306,0,0.015625,7,7,0.8619,0.8619,IoU Drop: 0.836 < 0.862
001307,0,0.015625,2,2,0.7106,0.7106,IoU Drop: 0.687 < 0.711
001308,3,0.005859375,3,3,0.7287,0.7454,Pass
001314,0,0.015625,2,2,0.615,0.615,IoU Drop: 0.534 < 0.615
001317,3,0.005859375,3,3,0.7537,0.7661,Pass
001318,3,0.005859375,2,2,0.6894,0.7116,Pass
001329,4,0.00390625,1,1,0.6523,0.6469,Pass
001330,0,0.015625,5,5,0.7991,0.7991,IoU Drop: 0.767 < 0.799
001331,5,0.0029296875,2,2,0.7861,0.8041,Pass
001332,3,0.005859375,4,4,0.7625,0.775,Pass
001333,0,0.015625,4,4,0.8472,0.8472,IoU Drop: 0.815 < 0.847
001334,0,0.015625,3,3,0.6313,0.6313,TP Drop: 2 < 3
001336,2,0.0078125,8,8,0.777,0.7792,Pass
001337,1,0.01171875,6,6,0.7962,0.8105,Pass
001339,1,0.01171875,2,2,0.8084,0.8036,Pass
001342,4,0.00390625,1,1,0.5469,0.5936,Pass
001344,2,0.0078125,1,1,0.6006,0.6868,Pass
001345,1,0.01171875,2,2,0.6993,0.6994,Pass
001346,3,0.005859375,2,2,0.6454,0.6421,Pass
001347,3,0.005859375,3,3,0.7181,0.7197,Pass
001350,2,0.0078125,2,2,0.5636,0.6091,Pass
001352,3,0.005859375,2,2,0.7524,0.7372,Pass
001353,5,0.0029296875,1,1,0.7632,0.7546,Pass
001355,0,0.015625,10,10,0.6138,0.6138,TP Drop: 9 < 10
001356,1,0.01171875,3,3,0.6546,0.6428,Pass
001359,3,0.005859375,2,2,0.7941,0.8635,Pass
001363,2,0.0078125,4,4,0.6985,0.6802,Pass
001365,3,0.005859375,4,4,0.8031,0.8243,Pass
001372,1,0.01171875,5,5,0.7338,0.7544,Pass
001374,3,0.005859375,1,1,0.733,0.7221,Pass
001375,5,0.0029296875,1,1,0.7003,0.7185,Pass
001376,1,0.01171875,6,6,0.7872,0.7704,Pass
001377,2,0.0078125,3,3,0.8079,0.827,Pass
001380,0,0.015625,6,6,0.8063,0.8063,IoU Drop: 0.786 < 0.806
001381,6,0.001953125,1,1,0.6245,0.7697,Pass
001382,3,0.005859375,2,2,0.78,0.8164,Pass
001384,0,0.015625,1,1,0.7172,0.7172,IoU Drop: 0.682 < 0.717
001386,1,0.01171875,2,2,0.8205,0.8104,Pass
001387,4,0.00390625,1,1,0.7483,0.798,Pass
001388,0,0.015625,7,7,0.8116,0.8116,TP Drop: 6 < 7
001389,1,0.01171875,7,7,0.8354,0.8277,Pass
001391,3,0.005859375,10,10,0.8052,0.794,Pass
001395,5,0.0029296875,1,1,0.7185,0.762,Pass
001397,2,0.0078125,1,1,0.562,0.7144,Pass
001398,2,0.0078125,3,3,0.6361,0.6673,Pass
001407,3,0.005859375,6,6,0.7,0.7059,Pass
001410,1,0.01171875,11,11,0.8026,0.7841,Pass
001411,3,0.005859375,3,3,0.7417,0.7624,Pass
001412,1,0.01171875,10,10,0.8158,0.8091,Pass
001415,0,0.015625,5,5,0.8644,0.8644,IoU Drop: 0.823 < 0.864
001416,1,0.01171875,4,4,0.7936,0.7888,Pass
001419,0,0.015625,4,4,0.6633,0.6633,TP Drop: 3 < 4
001421,1,0.01171875,1,1,0.632,0.6895,Pass
001424,0,0.015625,4,4,0.8024,0.8024,IoU Drop: 0.774 < 0.802
001427,2,0.0078125,1,1,0.7825,0.7707,Pass
001431,0,0.015625,1,1,0.7695,0.7695,IoU Drop: 0.705 < 0.769
001432,4,0.00390625,1,1,0.6529,0.6598,Pass
001435,3,0.005859375,5,5,0.7805,0.7982,Pass
001437,4,0.00390625,1,1,0.7075,0.727,Pass
001438,2,0.0078125,7,7,0.7549,0.7574,Pass
001439,1,0.01171875,3,3,0.6745,0.6855,Pass
001441,2,0.0078125,1,1,0.6569,0.7168,Pass
001442,3,0.005859375,3,3,0.6254,0.6262,Pass
001443,1,0.01171875,5,5,0.7958,0.7802,Pass
001445,2,0.0078125,5,5,0.8018,0.7884,Pass
001446,3,0.005859375,5,5,0.8656,0.8474,Pass
001448,3,0.005859375,4,4,0.7224,0.7273,Pass
001450,0,0.015625,1,1,0.7358,0.7358,IoU Drop: 0.693 < 0.736
001451,6,0.001953125,1,1,0.7267,0.7185,Pass
001458,1,0.01171875,8,8,0.7995,0.8041,Pass
001461,5,0.0029296875,4,4,0.7141,0.7164,Pass
001463,3,0.005859375,4,4,0.6855,0.6871,Pass
001466,0,0.015625,3,3,0.7583,0.7583,TP Drop: 2 < 3
001469,2,0.0078125,6,6,0.8506,0.8474,Pass
001471,6,0.001953125,1,1,0.5924,0.669,Pass
001477,1,0.01171875,1,1,0.6149,0.6822,Pass
001478,1,0.01171875,1,1,0.8732,0.8536,Pass
001480,5,0.0029296875,1,1,0.7202,0.764,Pass
001481,1,0.01171875,5,5,0.8662,0.8471,Pass
001485,2,0.0078125,2,2,0.6712,0.6676,Pass
001487,0,0.015625,3,3,0.7501,0.7501,IoU Drop: 0.723 < 0.750
001488,1,0.01171875,1,1,0.6418,0.6832,Pass
001489,0,0.015625,2,2,0.6077,0.6077,IoU Drop: 0.581 < 0.608
001495,1,0.01171875,6,6,0.8313,0.8332,Pass
001497,3,0.005859375,4,4,0.8339,0.8182,Pass
001501,5,0.0029296875,1,1,0.7197,0.7791,Pass
001502,6,0.001953125,0,0,0.0,0.0,Hard Frame (Base TP=0)
001507,1,0.01171875,2,2,0.6639,0.6653,Pass
001508,3,0.005859375,7,7,0.7465,0.7368,Pass
001511,2,0.0078125,2,2,0.766,0.7677,Pass
001513,1,0.01171875,6,6,0.7863,0.8092,Pass
001514,1,0.01171875,7,7,0.8348,0.8344,Pass
001516,2,0.0078125,3,3,0.7243,0.7172,Pass
001517,2,0.0078125,2,2,0.7441,0.7421,Pass
001521,3,0.005859375,3,3,0.8509,0.882,Pass
001522,1,0.01171875,10,10,0.7762,0.7771,Pass
001524,4,0.00390625,1,1,0.68,0.6646,Pass
001525,0,0.015625,1,1,0.5795,0.5795,TP Drop: 0 < 1
001526,5,0.0029296875,2,2,0.7589,0.7768,Pass
001527,4,0.00390625,1,1,0.6946,0.7188,Pass
001528,0,0.015625,2,2,0.7727,0.7727,IoU Drop: 0.672 < 0.773
001533,1,0.01171875,6,6,0.836,0.8513,Pass
001535,1,0.01171875,9,9,0.7924,0.8003,Pass
001536,3,0.005859375,3,3,0.7327,0.7348,Pass
001537,3,0.005859375,3,3,0.7141,0.724,Pass
001538,4,0.00390625,5,5,0.6621,0.6556,Pass
001542,0,0.015625,4,4,0.8229,0.8229,IoU Drop: 0.802 < 0.823
001545,4,0.00390625,5,5,0.8263,0.8156,Pass
001546,4,0.00390625,2,2,0.6883,0.6935,Pass
001547,0,0.015625,1,1,0.7978,0.7978,IoU Drop: 0.728 < 0.798
001549,1,0.01171875,2,2,0.7185,0.7118,Pass
001552,0,0.015625,7,7,0.7827,0.7827,IoU Drop: 0.756 < 0.783
001555,2,0.0078125,4,4,0.8082,0.7986,Pass
001557,1,0.01171875,5,5,0.7617,0.7765,Pass
001560,2,0.0078125,7,7,0.8062,0.7865,Pass
001562,3,0.005859375,5,5,0.8481,0.8356,Pass
001564,2,0.0078125,9,9,0.7717,0.7737,Pass
001565,3,0.005859375,5,5,0.8756,0.8996,Pass
001567,3,0.005859375,1,1,0.8342,0.8249,Pass
001569,4,0.00390625,3,3,0.7759,0.7571,Pass
001573,1,0.01171875,6,6,0.8445,0.8568,Pass
001574,1,0.01171875,1,1,0.5519,0.5695,Pass
001576,2,0.0078125,7,7,0.8436,0.8349,Pass
001577,3,0.005859375,2,2,0.8282,0.8221,Pass
001579,1,0.01171875,2,2,0.8195,0.8181,Pass
001582,2,0.0078125,3,3,0.7956,0.7827,Pass
001583,1,0.01171875,15,15,0.8062,0.8047,Pass
001585,2,0.0078125,5,5,0.7882,0.7938,Pass
001586,2,0.0078125,4,4,0.7805,0.7754,Pass
001587,1,0.01171875,1,1,0.6839,0.6792,Pass
001588,4,0.00390625,2,2,0.6936,0.7116,Pass
001589,1,0.01171875,3,3,0.6882,0.7113,Pass
001590,3,0.005859375,6,6,0.7767,0.7681,Pass
001591,3,0.005859375,7,7,0.8421,0.849,Pass
001592,1,0.01171875,8,8,0.8051,0.8089,Pass
001594,2,0.0078125,4,4,0.8165,0.803,Pass
001596,2,0.0078125,11,11,0.7936,0.7811,Pass
001597,1,0.01171875,4,4,0.7999,0.7807,Pass
001600,0,0.015625,2,2,0.7566,0.7566,IoU Drop: 0.736 < 0.757
001602,1,0.01171875,6,6,0.7463,0.7381,Pass
001603,1,0.01171875,9,9,0.799,0.7868,Pass
001605,1,0.01171875,2,2,0.8637,0.8667,Pass
001606,1,0.01171875,4,4,0.7655,0.7667,Pass
001610,1,0.01171875,7,7,0.8227,0.8121,Pass
001613,6,0.001953125,1,1,0.7722,0.7714,Pass
001615,4,0.00390625,1,1,0.8383,0.8721,Pass
001616,1,0.01171875,9,9,0.8144,0.813,Pass
001617,6,0.001953125,1,1,0.7443,0.7831,Pass
001619,2,0.0078125,1,1,0.7732,0.7765,Pass
001621,1,0.01171875,2,2,0.6406,0.6239,Pass
001625,1,0.01171875,10,10,0.7933,0.7845,Pass
001627,4,0.00390625,2,2,0.7036,0.7041,Pass
001629,2,0.0078125,1,1,0.608,0.6485,Pass
001631,0,0.015625,3,3,0.7774,0.7774,IoU Drop: 0.757 < 0.777
001633,2,0.0078125,5,5,0.8397,0.8281,Pass
001634,2,0.0078125,9,9,0.7692,0.7676,Pass
001635,6,0.001953125,1,1,0.5192,0.7824,Pass
001640,1,0.01171875,8,8,0.6812,0.7058,Pass
001643,1,0.01171875,14,14,0.7905,0.8023,Pass
001645,2,0.0078125,4,4,0.8742,0.8708,Pass
001647,3,0.005859375,2,2,0.6913,0.6829,Pass
001650,0,0.015625,1,1,0.7869,0.7869,IoU Drop: 0.750 < 0.787
001654,0,0.015625,1,1,0.747,0.747,IoU Drop: 0.699 < 0.747
001656,1,0.01171875,3,3,0.8448,0.8458,Pass
001658,2,0.0078125,4,4,0.8168,0.807,Pass
001660,5,0.0029296875,2,2,0.7703,0.7512,Pass
001662,0,0.015625,5,5,0.8312,0.8312,TP Drop: 4 < 5
001664,0,0.015625,3,3,0.8675,0.8675,IoU Drop: 0.828 < 0.867
001665,3,0.005859375,2,2,0.742,0.7675,Pass
001666,3,0.005859375,4,4,0.7473,0.7291,Pass
001667,3,0.005859375,1,1,0.5416,0.5454,Pass
001670,2,0.0078125,3,3,0.743,0.723,Pass
001675,0,0.015625,1,1,0.8048,0.8048,IoU Drop: 0.746 < 0.805
001680,4,0.00390625,3,3,0.8074,0.7877,Pass
001682,0,0.015625,5,5,0.7713,0.7713,TP Drop: 4 < 5
001683,2,0.0078125,6,6,0.8013,0.8101,Pass
001684,3,0.005859375,2,2,0.7067,0.7124,Pass
001689,0,0.015625,1,1,0.6397,0.6397,IoU Drop: 0.599 < 0.640
001693,0,0.015625,6,6,0.6397,0.6397,TP Drop: 4 < 6
001694,3,0.005859375,1,1,0.682,0.6863,Pass
001697,0,0.015625,8,8,0.7948,0.7948,IoU Drop: 0.761 < 0.795
001699,2,0.0078125,5,5,0.7802,0.7881,Pass
001701,2,0.0078125,8,8,0.7802,0.8023,Pass
001702,0,0.015625,1,1,0.8925,0.8925,IoU Drop: 0.852 < 0.892
001704,6,0.001953125,0,0,0.0,0.0,Hard Frame (Base TP=0)
001705,3,0.005859375,4,5,0.7926,0.7855,Pass
001706,1,0.01171875,4,4,0.7623,0.7975,Pass
001707,3,0.005859375,2,2,0.6572,0.7342,Pass
001709,2,0.0078125,7,7,0.8348,0.8424,Pass
001710,2,0.0078125,6,6,0.8543,0.8372,Pass
001711,3,0.005859375,4,4,0.7393,0.7595,Pass
001712,6,0.001953125,0,0,0.0,0.0,Hard Frame (Base TP=0)
001713,1,0.01171875,2,2,0.6918,0.7012,Pass
001714,1,0.01171875,8,8,0.6399,0.6454,Pass
001717,6,0.001953125,1,1,0.6987,0.7749,Pass
001718,0,0.015625,6,6,0.8182,0.8182,IoU Drop: 0.784 < 0.818
001719,5,0.0029296875,1,1,0.6493,0.7046,Pass
001721,0,0.015625,9,9,0.7405,0.7405,TP Drop: 8 < 9
001722,1,0.01171875,3,3,0.7581,0.7449,Pass
001726,4,0.00390625,2,2,0.764,0.7496,Pass
001727,4,0.00390625,1,1,0.8403,0.8274,Pass
001729,0,0.015625,2,2,0.8739,0.8739,IoU Drop: 0.788 < 0.874
001732,4,0.00390625,1,1,0.855,0.8661,Pass
001733,3,0.005859375,6,6,0.8402,0.8216,Pass
001740,2,0.0078125,5,5,0.8208,0.8045,Pass
001741,1,0.01171875,7,7,0.8182,0.8187,Pass
001742,1,0.01171875,6,6,0.7763,0.7786,Pass
001745,0,0.015625,9,9,0.8551,0.8551,IoU Drop: 0.826 < 0.855
001746,0,0.015625,8,8,0.8123,0.8123,TP Drop: 7 < 8
001749,0,0.015625,1,1,0.8836,0.8836,IoU Drop: 0.859 < 0.884
001750,3,0.005859375,5,5,0.7276,0.714,Pass
001751,3,0.005859375,4,4,0.7747,0.7586,Pass
001752,6,0.001953125,0,0,0.0,0.0,Hard Frame (Base TP=0)
001755,3,0.005859375,5,5,0.7792,0.7629,Pass
001758,4,0.00390625,1,1,0.5283,0.6402,Pass
001762,3,0.005859375,2,2,0.7943,0.8049,Pass
001764,3,0.005859375,9,9,0.772,0.7573,Pass
001765,0,0.015625,9,9,0.8417,0.8417,TP Drop: 8 < 9
001768,2,0.0078125,1,1,0.7235,0.8299,Pass
001771,2,0.0078125,6,6,0.8331,0.8155,Pass
001772,1,0.01171875,4,4,0.7916,0.7872,Pass
001774,0,0.015625,3,3,0.6852,0.6852,TP Drop: 2 < 3
001776,1,0.01171875,6,6,0.675,0.6903,Pass
001778,2,0.0078125,4,4,0.8084,0.8108,Pass
001780,0,0.015625,10,10,0.8378,0.8378,TP Drop: 9 < 10
001781,2,0.0078125,3,3,0.8453,0.8446,Pass
001782,0,0.015625,1,1,0.573,0.573,IoU Drop: 0.551 < 0.573
001783,3,0.005859375,1,1,0.7394,0.758,Pass
001786,0,0.015625,3,3,0.6985,0.6985,TP Drop: 2 < 3
001787,0,0.015625,4,4,0.716,0.716,IoU Drop: 0.686 < 0.716
001794,1,0.01171875,9,9,0.8188,0.8002,Pass
001795,1,0.01171875,2,2,0.6214,0.6612,Pass
001797,1,0.01171875,3,3,0.8549,0.8724,Pass
001800,1,0.01171875,2,2,0.8189,0.8509,Pass
001801,0,0.015625,8,8,0.8339,0.8339,IoU Drop: 0.789 < 0.834
001802,2,0.0078125,1,1,0.719,0.7285,Pass
001804,1,0.01171875,1,1,0.839,0.8311,Pass
001807,5,0.0029296875,1,1,0.7037,0.6855,Pass
001808,6,0.001953125,0,0,0.0,0.0,Hard Frame (Base TP=0)
001813,0,0.015625,5,5,0.7875,0.7875,TP Drop: 4 < 5
001814,3,0.005859375,2,2,0.759,0.7953,Pass
001817,1,0.01171875,1,1,0.5475,0.5761,Pass
001818,3,0.005859375,4,4,0.6927,0.6931,Pass
001820,3,0.005859375,7,7,0.7594,0.7499,Pass
001822,1,0.01171875,5,5,0.5962,0.5989,Pass
001823,0,0.015625,3,3,0.7408,0.7408,IoU Drop: 0.719 < 0.741
001824,5,0.0029296875,2,2,0.8258,0.856,Pass
001825,1,0.01171875,7,7,0.7961,0.7906,Pass
001828,3,0.005859375,3,3,0.7441,0.7292,Pass
001831,2,0.0078125,4,4,0.6986,0.7321,Pass
001835,1,0.01171875,1,1,0.7117,0.7033,Pass
001840,0,0.015625,9,9,0.8092,0.8092,IoU Drop: 0.788 < 0.809
001844,1,0.01171875,3,3,0.8621,0.8471,Pass
001846,1,0.01171875,1,1,0.7376,0.7257,Pass
001848,0,0.015625,6,6,0.7444,0.7444,TP Drop: 5 < 6
001851,4,0.00390625,2,2,0.7976,0.8503,Pass
001852,1,0.01171875,9,9,0.7696,0.8043,Pass
001853,0,0.015625,1,1,0.8888,0.8888,IoU Drop: 0.862 < 0.889
001854,6,0.001953125,0,0,0.0,0.0,Hard Frame (Base TP=0)
001855,1,0.01171875,8,8,0.8274,0.8215,Pass
001856,0,0.015625,5,5,0.821,0.821,IoU Drop: 0.799 < 0.821
001858,2,0.0078125,6,6,0.7954,0.8053,Pass
001859,1,0.01171875,8,8,0.8692,0.8711,Pass
001861,2,0.0078125,2,2,0.9009,0.8826,Pass
001862,2,0.0078125,5,5,0.7842,0.8141,Pass
001863,3,0.005859375,2,2,0.5542,0.634,Pass
001867,1,0.01171875,7,7,0.8114,0.8131,Pass
001868,0,0.015625,7,7,0.8104,0.8104,IoU Drop: 0.787 < 0.810
001869,1,0.01171875,1,1,0.7436,0.7246,Pass
001872,0,0.015625,4,4,0.8337,0.8337,IoU Drop: 0.806 < 0.834
001875,1,0.01171875,2,2,0.7723,0.7652,Pass
001877,1,0.01171875,4,4,0.7957,0.7839,Pass
001878,0,0.015625,7,7,0.8072,0.8072,TP Drop: 6 < 7
001880,2,0.0078125,2,2,0.6454,0.6332,Pass
001881,4,0.00390625,1,1,0.5785,0.5975,Pass
001884,6,0.001953125,1,1,0.5862,0.6344,Pass
001885,3,0.005859375,3,3,0.6738,0.6951,Pass
001886,3,0.005859375,3,3,0.7474,0.7571,Pass
001887,4,0.00390625,1,1,0.8271,0.8728,Pass
001888,4,0.00390625,2,2,0.7067,0.7209,Pass
001890,2,0.0078125,2,2,0.6428,0.6388,Pass
001892,2,0.0078125,1,1,0.711,0.6929,Pass
001893,2,0.0078125,5,5,0.7908,0.8337,Pass
001897,1,0.01171875,7,8,0.8029,0.7851,Pass
001898,3,0.005859375,5,5,0.8269,0.8088,Pass
001900,1,0.01171875,1,1,0.8697,0.8598,Pass
001904,2,0.0078125,4,4,0.7765,0.7718,Pass
001905,2,0.0078125,2,2,0.8157,0.8091,Pass
001909,2,0.0078125,6,6,0.8111,0.7913,Pass
001919,3,0.005859375,8,8,0.8198,0.8147,Pass
001920,0,0.015625,2,2,0.7538,0.7538,IoU Drop: 0.722 < 0.754
001923,2,0.0078125,1,1,0.6167,0.7471,Pass
001924,0,0.015625,3,3,0.8514,0.8514,IoU Drop: 0.793 < 0.851
001925,1,0.01171875,4,4,0.8022,0.7974,Pass
001926,1,0.01171875,9,9,0.7863,0.7779,Pass
001927,1,0.01171875,2,2,0.8441,0.8497,Pass
001928,2,0.0078125,8,8,0.8312,0.8139,Pass
001929,2,0.0078125,9,9,0.8199,0.8012,Pass
001931,0,0.015625,2,2,0.7593,0.7593,TP Drop: 1 < 2
001932,1,0.01171875,1,1,0.8054,0.7908,Pass
001933,5,0.0029296875,1,1,0.5578,0.6039,Pass
001934,4,0.00390625,2,2,0.7787,0.7943,Pass
001936,3,0.005859375,2,2,0.7479,0.779,Pass
001937,0,0.015625,6,6,0.8773,0.8773,IoU Drop: 0.857 < 0.877
001940,0,0.015625,7,7,0.6788,0.6788,IoU Drop: 0.654 < 0.679
001941,0,0.015625,10,10,0.7905,0.7905,IoU Drop: 0.767 < 0.791
001942,2,0.0078125,4,4,0.7984,0.78,Pass
001943,4,0.00390625,3,3,0.6981,0.6858,Pass
001945,1,0.01171875,2,2,0.7117,0.74,Pass
001946,0,0.015625,1,1,0.6883,0.6883,IoU Drop: 0.609 < 0.688
001952,4,0.00390625,2,2,0.7962,0.7859,Pass
001954,2,0.0078125,9,9,0.8608,0.8471,Pass
001959,0,0.015625,6,6,0.8485,0.8485,TP Drop: 5 < 6
001960,3,0.005859375,4,4,0.8595,0.8461,Pass
001966,3,0.005859375,3,3,0.8526,0.8385,Pass
001967,2,0.0078125,6,6,0.7901,0.8199,Pass
001969,1,0.01171875,7,7,0.7953,0.8018,Pass
001972,0,0.015625,2,2,0.6647,0.6647,IoU Drop: 0.644 < 0.665
001977,1,0.01171875,5,5,0.8244,0.8138,Pass
001978,3,0.005859375,2,2,0.7115,0.7214,Pass
001979,1,0.01171875,6,6,0.7906,0.8128,Pass
001980,1,0.01171875,3,3,0.8334,0.8435,Pass
001982,0,0.015625,1,1,0.7494,0.7494,IoU Drop: 0.636 < 0.749
001983,0,0.015625,1,1,0.7421,0.7421,IoU Drop: 0.688 < 0.742
001984,6,0.001953125,0,0,0.0,0.0,Hard Frame (Base TP=0)
001985,2,0.0078125,2,2,0.8471,0.8689,Pass
001986,0,0.015625,6,6,0.7623,0.7623,TP Drop: 5 < 6
001989,4,0.00390625,4,4,0.7146,0.7147,Pass
001991,2,0.0078125,7,7,0.7719,0.7841,Pass
001995,5,0.0029296875,1,1,0.66,0.6668,Pass
001996,3,0.005859375,2,2,0.7471,0.748,Pass
001997,1,0.01171875,3,3,0.671,0.6782,Pass
001999,1,0.01171875,17,17,0.7767,0.786,Pass
002000,2,0.0078125,4,4,0.796,0.7774,Pass
002001,1,0.01171875,2,2,0.8368,0.8455,Pass
002002,0,0.015625,4,4,0.8467,0.8467,IoU Drop: 0.824 < 0.847
002004,1,0.01171875,1,1,0.7301,0.7323,Pass
002008,2,0.0078125,4,4,0.7763,0.7965,Pass
002010,6,0.001953125,0,0,0.0,0.0,Hard Frame (Base TP=0)
002011,4,0.00390625,2,2,0.7639,0.8273,Pass
002012,0,0.015625,12,12,0.76,0.76,TP Drop: 11 < 12
002013,6,0.001953125,1,1,0.7455,0.7321,Pass
002014,1,0.01171875,4,4,0.7853,0.785,Pass
002017,4,0.00390625,2,2,0.7383,0.7234,Pass
002019,3,0.005859375,1,1,0.8292,0.814,Pass
002021,3,0.005859375,4,4,0.7707,0.7808,Pass
002022,2,0.0078125,2,2,0.7485,0.7318,Pass
002025,0,0.015625,2,2,0.6147,0.6147,TP Drop: 1 < 2
002027,3,0.005859375,3,3,0.7324,0.7991,Pass
002028,0,0.015625,5,5,0.7947,0.7947,IoU Drop: 0.767 < 0.795
002029,3,0.005859375,4,4,0.7583,0.757,Pass
002034,0,0.015625,1,1,0.8903,0.8903,IoU Drop: 0.861 < 0.890
002035,1,0.01171875,8,8,0.7627,0.7568,Pass
002036,0,0.015625,1,1,0.7385,0.7385,TP Drop: 0 < 1
002037,4,0.00390625,2,2,0.6319,0.6753,Pass
002038,3,0.005859375,4,4,0.8058,0.7903,Pass
002042,0,0.015625,6,6,0.6638,0.6638,TP Drop: 5 < 6
002043,3,0.005859375,3,3,0.8134,0.8356,Pass
002044,3,0.005859375,9,9,0.7915,0.774,Pass
002045,0,0.015625,2,2,0.7215,0.7215,TP Drop: 1 < 2
002046,1,0.01171875,3,3,0.7623,0.7663,Pass
002048,1,0.01171875,2,2,0.7588,0.7762,Pass
002049,2,0.0078125,5,5,0.8117,0.8096,Pass
002050,1,0.01171875,17,17,0.7925,0.8084,Pass
002052,0,0.015625,2,2,0.9072,0.9072,IoU Drop: 0.881 < 0.907
002054,1,0.01171875,3,3,0.8154,0.811,Pass
002056,3,0.005859375,3,3,0.7225,0.7052,Pass
002057,0,0.015625,5,5,0.8205,0.8205,TP Drop: 4 < 5
002058,0,0.015625,1,1,0.7287,0.7287,IoU Drop: 0.664 < 0.729
002062,3,0.005859375,6,6,0.7627,0.7765,Pass
002068,3,0.005859375,5,5,0.7984,0.7808,Pass
002071,1,0.01171875,5,5,0.6559,0.6661,Pass
002073,0,0.015625,1,1,0.6067,0.6067,IoU Drop: 0.559 < 0.607
002074,0,0.015625,3,3,0.757,0.757,IoU Drop: 0.718 < 0.757
002075,6,0.001953125,0,0,0.0,0.0,Hard Frame (Base TP=0)
002076,0,0.015625,3,3,0.8143,0.8143,IoU Drop: 0.785 < 0.814
002078,3,0.005859375,4,4,0.7918,0.783,Pass
002079,2,0.0078125,5,5,0.8093,0.8012,Pass
002081,1,0.01171875,3,3,0.8133,0.8028,Pass
002082,2,0.0078125,7,7,0.8124,0.8247,Pass
002085,2,0.0078125,9,9,0.8813,0.8652,Pass
002086,2,0.0078125,9,9,0.8434,0.8277,Pass
002087,3,0.005859375,3,3,0.8403,0.8252,Pass
002089,1,0.01171875,2,2,0.7456,0.7511,Pass
002091,1,0.01171875,1,1,0.8696,0.8903,Pass
002093,3,0.005859375,3,3,0.7464,0.7863,Pass
002094,1,0.01171875,2,2,0.6785,0.6768,Pass
002100,2,0.0078125,1,1,0.86,0.8846,Pass
002101,0,0.015625,6,6,0.7348,0.7348,TP Drop: 5 < 6
002102,0,0.015625,9,9,0.8145,0.8145,IoU Drop: 0.788 < 0.815
002103,1,0.01171875,5,5,0.7913,0.7725,Pass
002107,2,0.0078125,9,9,0.8042,0.812,Pass
002108,1,0.01171875,1,1,0.6943,0.7113,Pass
002111,3,0.005859375,2,2,0.7447,0.7684,Pass
002112,2,0.0078125,7,7,0.7698,0.7548,Pass
002113,4,0.00390625,3,3,0.7519,0.7707,Pass
002115,5,0.0029296875,2,2,0.7568,0.7496,Pass
002118,0,0.015625,1,1,0.7212,0.7212,IoU Drop: 0.685 < 0.721
002120,1,0.01171875,1,1,0.9054,0.8913,Pass
002121,3,0.005859375,1,1,0.7369,0.7436,Pass
002123,3,0.005859375,3,3,0.7676,0.7522,Pass
002124,0,0.015625,3,3,0.7454,0.7454,IoU Drop: 0.721 < 0.745
002127,3,0.005859375,2,2,0.6338,0.6229,Pass
002128,0,0.015625,5,5,0.7997,0.7997,TP Drop: 4 < 5
002130,3,0.005859375,6,6,0.8224,0.8131,Pass
002131,0,0.015625,4,4,0.7846,0.7846,IoU Drop: 0.756 < 0.785
002135,1,0.01171875,13,14,0.8049,0.8038,Pass
002136,3,0.005859375,3,3,0.6593,0.6861,Pass
002137,0,0.015625,4,4,0.8484,0.8484,IoU Drop: 0.804 < 0.848
002138,0,0.015625,3,3,0.8582,0.8582,TP Drop: 2 < 3
002139,0,0.015625,7,7,0.8557,0.8557,IoU Drop: 0.810 < 0.856
002140,3,0.005859375,3,3,0.7792,0.7813,Pass
002142,0,0.015625,11,11,0.7905,0.7905,IoU Drop: 0.756 < 0.791
002151,2,0.0078125,2,2,0.8278,0.8108,Pass
002152,1,0.01171875,9,9,0.764,0.7603,Pass
002153,1,0.01171875,7,7,0.8044,0.7957,Pass
002158,2,0.0078125,7,7,0.8106,0.7934,Pass
002159,1,0.01171875,1,1,0.6638,0.8372,Pass
002160,1,0.01171875,7,7,0.6031,0.6005,Pass
002161,3,0.005859375,6,6,0.8666,0.8593,Pass
002163,1,0.01171875,3,3,0.7445,0.7676,Pass
002165,3,0.005859375,1,1,0.6257,0.6247,Pass
002166,6,0.001953125,0,0,0.0,0.0,Hard Frame (Base TP=0)
002168,3,0.005859375,9,9,0.7898,0.7873,Pass
002169,2,0.0078125,8,8,0.8296,0.8301,Pass
002170,0,0.015625,4,4,0.7266,0.7266,IoU Drop: 0.696 < 0.727
002173,2,0.0078125,6,6,0.716,0.707,Pass
002177,2,0.0078125,10,10,0.8242,0.8085,Pass
002179,2,0.0078125,1,1,0.7254,0.7386,Pass
002182,2,0.0078125,8,8,0.8614,0.8596,Pass
002183,1,0.01171875,7,7,0.8199,0.8054,Pass
002185,2,0.0078125,5,5,0.8525,0.8355,Pass
002187,3,0.005859375,10,10,0.8522,0.8345,Pass
002188,4,0.00390625,1,1,0.7611,0.7537,Pass
002193,2,0.0078125,5,5,0.7803,0.7842,Pass
002196,3,0.005859375,1,1,0.7794,0.7651,Pass
002200,2,0.0078125,8,8,0.8065,0.7871,Pass
002201,2,0.0078125,6,6,0.7293,0.7356,Pass
002202,4,0.00390625,3,3,0.7128,0.7055,Pass
002206,0,0.015625,6,6,0.6493,0.6493,TP Drop: 4 < 6
002207,4,0.00390625,2,2,0.7644,0.7604,Pass
002209,0,0.015625,7,7,0.8183,0.8183,TP Drop: 6 < 7
002215,3,0.005859375,3,3,0.7442,0.7381,Pass
002216,0,0.015625,10,10,0.8091,0.8091,IoU Drop: 0.773 < 0.809
002218,2,0.0078125,3,3,0.8537,0.8538,Pass
002219,0,0.015625,9,9,0.8296,0.8296,TP Drop: 8 < 9
002220,4,0.00390625,1,1,0.7941,0.8219,Pass
002224,4,0.00390625,2,2,0.6624,0.6658,Pass
002225,0,0.015625,9,9,0.7896,0.7896,TP Drop: 8 < 9
002228,3,0.005859375,4,4,0.808,0.7906,Pass
002229,2,0.0078125,3,3,0.6532,0.6749,Pass
002232,0,0.015625,6,6,0.8263,0.8263,IoU Drop: 0.769 < 0.826
002233,1,0.01171875,5,5,0.8463,0.8473,Pass
002234,2,0.0078125,6,6,0.8381,0.8198,Pass
002239,2,0.0078125,3,3,0.7595,0.7657,Pass
002243,1,0.01171875,1,1,0.8781,0.9034,Pass
002245,3,0.005859375,1,1,0.7738,0.7914,Pass
002246,4,0.00390625,1,1,0.6662,0.7803,Pass
002248,3,0.005859375,3,3,0.7094,0.6972,Pass
002250,2,0.0078125,4,4,0.8344,0.8153,Pass
002251,0,0.015625,1,1,0.8504,0.8504,IoU Drop: 0.777 < 0.850
002254,2,0.0078125,10,10,0.826,0.8107,Pass
002255,3,0.005859375,4,4,0.7908,0.8035,Pass
002257,1,0.01171875,14,14,0.783,0.7867,Pass
002258,2,0.0078125,3,3,0.7589,0.7479,Pass
002260,3,0.005859375,4,4,0.765,0.7684,Pass
002262,0,0.015625,8,8,0.809,0.809,TP Drop: 7 < 8
002266,1,0.01171875,4,4,0.7455,0.7495,Pass
002272,1,0.01171875,6,6,0.7915,0.7734,Pass
002276,3,0.005859375,3,3,0.8222,0.8498,Pass
002277,3,0.005859375,3,3,0.8297,0.8136,Pass
002279,1,0.01171875,2,2,0.6852,0.6819,Pass
002280,5,0.0029296875,1,1,0.6938,0.8377,Pass
002282,0,0.015625,8,8,0.6735,0.6735,TP Drop: 7 < 8
002283,5,0.0029296875,1,1,0.6172,0.723,Pass
002284,5,0.0029296875,1,1,0.6571,0.6691,Pass
002286,1,0.01171875,3,3,0.7829,0.7787,Pass
002287,1,0.01171875,1,1,0.7175,0.7078,Pass
002290,1,0.01171875,8,8,0.843,0.8342,Pass
002291,3,0.005859375,2,2,0.8181,0.8273,Pass
002292,5,0.0029296875,3,3,0.6561,0.6967,Pass
002293,0,0.015625,5,5,0.8639,0.8639,IoU Drop: 0.832 < 0.864
002294,2,0.0078125,2,2,0.7497,0.7644,Pass
002295,1,0.01171875,8,8,0.8152,0.8126,Pass
002298,0,0.015625,2,2,0.6584,0.6584,TP Drop: 1 < 2
002299,1,0.01171875,1,1,0.6375,0.6533,Pass
002300,0,0.015625,4,4,0.8034,0.8034,IoU Drop: 0.760 < 0.803
002303,3,0.005859375,5,5,0.8018,0.8056,Pass
002304,5,0.0029296875,1,1,0.7303,0.7501,Pass
002306,3,0.005859375,4,4,0.8068,0.8062,Pass
002307,2,0.0078125,4,4,0.701,0.7069,Pass
002308,3,0.005859375,5,6,0.7185,0.7171,Pass
002310,2,0.0078125,1,1,0.6017,0.6251,Pass
002314,3,0.005859375,7,7,0.7797,0.7874,Pass
002315,0,0.015625,9,9,0.6419,0.6419,TP Drop: 8 < 9
002319,4,0.00390625,2,2,0.7113,0.7124,Pass
002320,4,0.00390625,1,1,0.645,0.8038,Pass
002325,4,0.00390625,1,1,0.6306,0.6725,Pass
002327,1,0.01171875,3,3,0.6504,0.7039,Pass
002329,2,0.0078125,1,1,0.6415,0.7432,Pass
002330,5,0.0029296875,1,1,0.74,0.7539,Pass
002332,2,0.0078125,7,7,0.8523,0.8332,Pass
002334,0,0.015625,1,1,0.7637,0.7637,IoU Drop: 0.735 < 0.764
002336,1,0.01171875,1,1,0.6434,0.6691,Pass
002337,1,0.01171875,1,1,0.7075,0.7336,Pass
002338,1,0.01171875,7,7,0.8486,0.8364,Pass
002340,1,0.01171875,8,8,0.8438,0.848,Pass
002341,1,0.01171875,6,6,0.8188,0.8086,Pass
002344,1,0.01171875,7,7,0.849,0.8404,Pass
002345,0,0.015625,8,8,0.7838,0.7838,TP Drop: 7 < 8
002346,2,0.0078125,3,3,0.7658,0.748,Pass
002347,5,0.0029296875,2,2,0.7489,0.7604,Pass
002348,1,0.01171875,1,1,0.8657,0.881,Pass
002353,4,0.00390625,2,2,0.7875,0.8078,Pass
002356,2,0.0078125,2,2,0.6302,0.6345,Pass
002357,1,0.01171875,10,11,0.8249,0.808,Pass
002359,3,0.005859375,2,2,0.8137,0.8055,Pass
002362,1,0.01171875,8,8,0.6669,0.6794,Pass
002365,2,0.0078125,2,2,0.824,0.8565,Pass
002366,3,0.005859375,4,4,0.7927,0.7757,Pass
002367,1,0.01171875,7,7,0.7395,0.72,Pass
002369,0,0.015625,3,3,0.6538,0.6538,IoU Drop: 0.613 < 0.654
002370,2,0.0078125,1,1,0.8894,0.8912,Pass
002372,1,0.01171875,4,4,0.7599,0.7484,Pass
002376,2,0.0078125,2,2,0.8059,0.7868,Pass
002378,1,0.01171875,8,8,0.803,0.8105,Pass
002380,0,0.015625,7,7,0.7733,0.7733,TP Drop: 5 < 7
002382,2,0.0078125,4,4,0.8137,0.8135,Pass
002383,0,0.015625,5,5,0.7927,0.7927,IoU Drop: 0.754 < 0.793
002384,1,0.01171875,5,5,0.8133,0.8303,Pass
002385,2,0.0078125,9,10,0.8367,0.8194,Pass
002386,0,0.015625,6,6,0.6951,0.6951,TP Drop: 5 < 6
002387,3,0.005859375,4,4,0.7677,0.7942,Pass
002391,2,0.0078125,2,2,0.729,0.7674,Pass
002392,0,0.015625,6,6,0.7675,0.7675,TP Drop: 5 < 6
002393,0,0.015625,4,4,0.6464,0.6464,IoU Drop: 0.586 < 0.646
002397,1,0.01171875,4,4,0.8324,0.8158,Pass
002398,1,0.01171875,7,7,0.7974,0.8346,Pass
002399,2,0.0078125,12,12,0.7715,0.7528,Pass
002404,0,0.015625,7,7,0.7821,0.7821,TP Drop: 6 < 7
002405,2,0.0078125,7,7,0.7882,0.7869,Pass
002411,2,0.0078125,1,1,0.842,0.8478,Pass
002414,0,0.015625,9,9,0.8262,0.8262,TP Drop: 8 < 9
002415,1,0.01171875,6,6,0.8225,0.8257,Pass
002418,0,0.015625,6,6,0.7651,0.7651,IoU Drop: 0.740 < 0.765
002419,1,0.01171875,8,8,0.7679,0.7802,Pass
002420,3,0.005859375,2,2,0.8096,0.8127,Pass
002422,2,0.0078125,7,7,0.7613,0.7889,Pass
002423,2,0.0078125,3,3,0.853,0.8489,Pass
002424,1,0.01171875,2,2,0.66,0.7017,Pass
002425,1,0.01171875,1,1,0.7104,0.6937,Pass
002428,4,0.00390625,1,1,0.8766,0.8717,Pass
002429,1,0.01171875,1,1,0.8512,0.8484,Pass
002432,1,0.01171875,2,2,0.7399,0.7345,Pass
002433,2,0.0078125,6,6,0.8541,0.8599,Pass
002434,3,0.005859375,2,2,0.8581,0.8425,Pass
002439,2,0.0078125,4,4,0.8569,0.852,Pass
002440,0,0.015625,10,10,0.7041,0.7041,TP Drop: 8 < 10
002442,1,0.01171875,3,3,0.8231,0.8366,Pass
002446,2,0.0078125,6,6,0.7715,0.7775,Pass
002450,2,0.0078125,11,11,0.8239,0.8245,Pass
002454,1,0.01171875,7,8,0.7975,0.7883,Pass
002455,2,0.0078125,8,8,0.7925,0.8138,Pass
002457,6,0.001953125,0,0,0.0,0.0,Hard Frame (Base TP=0)
002458,0,0.015625,2,2,0.7357,0.7357,TP Drop: 1 < 2
002460,1,0.01171875,2,2,0.7937,0.7889,Pass
002461,1,0.01171875,5,5,0.7015,0.7156,Pass
002462,0,0.015625,6,6,0.8626,0.8626,IoU Drop: 0.840 < 0.863
002463,3,0.005859375,1,1,0.7916,0.7907,Pass
002473,2,0.0078125,6,6,0.8225,0.8063,Pass
002474,0,0.015625,7,7,0.806,0.806,TP Drop: 6 < 7
002476,0,0.015625,8,8,0.8073,0.8073,TP Drop: 7 < 8
002477,0,0.015625,8,8,0.6324,0.6324,TP Drop: 6 < 8
002478,1,0.01171875,1,1,0.5869,0.6266,Pass
002479,0,0.015625,5,5,0.8292,0.8292,IoU Drop: 0.805 < 0.829
002483,3,0.005859375,1,1,0.8669,0.9034,Pass
002486,2,0.0078125,8,8,0.8323,0.8359,Pass
002488,0,0.015625,2,2,0.8306,0.8306,IoU Drop: 0.705 < 0.831
002490,1,0.01171875,8,8,0.8156,0.811,Pass
002492,0,0.015625,1,1,0.8587,0.8587,IoU Drop: 0.804 < 0.859
002495,1,0.01171875,7,7,0.8204,0.8157,Pass
002497,2,0.0078125,6,6,0.7868,0.7717,Pass
002499,6,0.001953125,0,0,0.0,0.0,Hard Frame (Base TP=0)
002500,3,0.005859375,1,1,0.8074,0.8074,Pass
002502,2,0.0078125,1,1,0.8786,0.8831,Pass
002503,1,0.01171875,7,7,0.8805,0.8769,Pass
002504,3,0.005859375,1,1,0.7004,0.747,Pass
002505,0,0.015625,5,5,0.8049,0.8049,IoU Drop: 0.778 < 0.805
002506,2,0.0078125,2,2,0.8091,0.7911,Pass
002509,1,0.01171875,4,4,0.8532,0.8553,Pass
002511,2,0.0078125,2,2,0.8578,0.8641,Pass
002516,0,0.015625,2,2,0.8198,0.8198,IoU Drop: 0.799 < 0.820
002519,2,0.0078125,3,3,0.7987,0.7996,Pass
002520,1,0.01171875,7,7,0.8159,0.8074,Pass
002521,5,0.0029296875,2,2,0.7262,0.707,Pass
002525,5,0.0029296875,2,2,0.7512,0.734,Pass
002526,1,0.01171875,8,8,0.6524,0.6369,Pass
002528,1,0.01171875,2,2,0.8167,0.8167,Pass
002529,2,0.0078125,1,1,0.7145,0.7005,Pass
002530,2,0.0078125,3,3,0.8691,0.8526,Pass
002531,0,0.015625,4,4,0.7785,0.7785,IoU Drop: 0.724 < 0.779
002532,3,0.005859375,3,3,0.7358,0.7797,Pass
002534,0,0.015625,2,2,0.761,0.761,IoU Drop: 0.726 < 0.761
002538,3,0.005859375,2,2,0.5639,0.5964,Pass
002539,2,0.0078125,3,3,0.7568,0.756,Pass
002540,0,0.015625,6,6,0.8405,0.8405,IoU Drop: 0.810 < 0.841
002541,1,0.01171875,6,6,0.7802,0.7989,Pass
002543,0,0.015625,5,5,0.8242,0.8242,IoU Drop: 0.792 < 0.824
002546,1,0.01171875,7,7,0.7907,0.7883,Pass
002548,4,0.00390625,1,1,0.5852,0.5974,Pass
002552,3,0.005859375,4,4,0.8216,0.8232,Pass
002556,2,0.0078125,2,2,0.7974,0.7849,Pass
002557,0,0.015625,4,4,0.6988,0.6988,TP Drop: 3 < 4
002558,1,0.01171875,10,10,0.7851,0.7702,Pass
002562,0,0.015625,1,1,0.8629,0.8629,IoU Drop: 0.815 < 0.863
002563,2,0.0078125,3,3,0.7709,0.7568,Pass
002564,1,0.01171875,2,2,0.8712,0.8582,Pass
002565,0,0.015625,7,7,0.6845,0.6845,IoU Drop: 0.640 < 0.684
002568,3,0.005859375,1,1,0.8224,0.8476,Pass
002569,2,0.0078125,5,5,0.6963,0.6827,Pass
002570,3,0.005859375,5,5,0.8469,0.8473,Pass
002572,1,0.01171875,4,4,0.7942,0.7877,Pass
002574,3,0.005859375,1,1,0.7814,0.7866,Pass
002575,2,0.0078125,5,5,0.8265,0.8137,Pass
002577,2,0.0078125,2,2,0.682,0.7021,Pass
002580,2,0.0078125,6,6,0.7047,0.7219,Pass
002581,2,0.0078125,2,2,0.7486,0.7409,Pass
002583,1,0.01171875,8,8,0.715,0.7257,Pass
002584,3,0.005859375,2,2,0.8235,0.8158,Pass
002585,2,0.0078125,2,2,0.7081,0.7598,Pass
002586,0,0.015625,5,5,0.8071,0.8071,IoU Drop: 0.741 < 0.807
002590,3,0.005859375,1,1,0.7614,0.7574,Pass
002594,1,0.01171875,7,7,0.8297,0.8134,Pass
002598,2,0.0078125,4,4,0.637,0.6568,Pass
002599,0,0.015625,6,6,0.7986,0.7986,TP Drop: 5 < 6
002600,4,0.00390625,1,1,0.7804,0.869,Pass
002601,2,0.0078125,6,6,0.821,0.8318,Pass
002602,2,0.0078125,1,1,0.8781,0.9008,Pass
002603,2,0.0078125,2,2,0.7644,0.7736,Pass
002604,1,0.01171875,6,6,0.8161,0.8096,Pass
002606,1,0.01171875,5,5,0.8094,0.8099,Pass
002612,1,0.01171875,6,6,0.7686,0.7723,Pass
002613,2,0.0078125,2,2,0.5349,0.6115,Pass
002615,0,0.015625,17,17,0.7545,0.7545,TP Drop: 16 < 17
002619,4,0.00390625,1,1,0.6909,0.7209,Pass
002621,3,0.005859375,3,3,0.7673,0.7713,Pass
002625,3,0.005859375,4,4,0.7565,0.7376,Pass
002626,0,0.015625,7,7,0.6999,0.6999,TP Drop: 5 < 7
002628,6,0.001953125,0,0,0.0,0.0,Hard Frame (Base TP=0)
002630,3,0.005859375,2,2,0.7878,0.796,Pass
002631,3,0.005859375,5,5,0.785,0.7934,Pass
002633,3,0.005859375,4,4,0.7209,0.7377,Pass
002635,2,0.0078125,7,7,0.8805,0.8667,Pass
002636,0,0.015625,3,3,0.6608,0.6608,TP Drop: 2 < 3
002638,1,0.01171875,12,12,0.8109,0.801,Pass
002640,1,0.01171875,11,11,0.6768,0.6659,Pass
002641,1,0.01171875,4,4,0.8182,0.8084,Pass
002644,3,0.005859375,5,5,0.8423,0.8261,Pass
002645,4,0.00390625,3,3,0.7234,0.7489,Pass
002646,3,0.005859375,3,3,0.6425,0.7241,Pass
002651,0,0.015625,1,1,0.7382,0.7382,IoU Drop: 0.596 < 0.738
002653,6,0.001953125,0,0,0.0,0.0,Hard Frame (Base TP=0)
002656,5,0.0029296875,3,3,0.7023,0.719,Pass
002657,2,0.0078125,2,2,0.6484,0.6337,Pass
002661,6,0.001953125,2,2,0.6842,0.7181,Pass
002663,0,0.015625,9,9,0.6318,0.6318,TP Drop: 7 < 9
002666,0,0.015625,14,14,0.6499,0.6499,TP Drop: 7 < 14
002669,5,0.0029296875,1,1,0.8014,0.787,Pass
002673,1,0.01171875,5,5,0.8193,0.8293,Pass
002674,1,0.01171875,10,10,0.8026,0.8208,Pass
002675,4,0.00390625,1,1,0.6999,0.7785,Pass
002677,1,0.01171875,6,6,0.7748,0.7738,Pass
002680,0,0.015625,1,1,0.7335,0.7335,IoU Drop: 0.500 < 0.734
002681,3,0.005859375,5,6,0.6939,0.7259,Pass
002685,2,0.0078125,5,5,0.7801,0.7874,Pass
002686,0,0.015625,1,1,0.707,0.707,TP Drop: 0 < 1
002690,0,0.015625,2,2,0.7708,0.7708,IoU Drop: 0.725 < 0.771
002692,0,0.015625,6,6,0.8352,0.8352,TP Drop: 5 < 6
002693,0,0.015625,1,1,0.6745,0.6745,IoU Drop: 0.654 < 0.675
002694,2,0.0078125,4,4,0.7188,0.707,Pass
002695,1,0.01171875,1,1,0.728,0.7876,Pass
002696,3,0.005859375,2,2,0.7233,0.7985,Pass
002699,0,0.015625,1,1,0.524,0.524,TP Drop: 0 < 1
002702,5,0.0029296875,3,3,0.7361,0.7486,Pass
002706,4,0.00390625,3,3,0.6903,0.6887,Pass
002707,0,0.015625,13,13,0.6807,0.6807,TP Drop: 12 < 13
002709,2,0.0078125,1,1,0.6979,0.7512,Pass
002710,2,0.0078125,2,2,0.8688,0.873,Pass
